product_id,fraud_label,title_cleaned,description_cleaned,review1_cleaned,review2_cleaned
40000,1,guaranteed authentic tactical flashlight led rechargeable super bright 10000 lumens limited offer bulk discount free shipping,features advanced ai powered technology superior performance compared competing products price range built premium carbon fiber materials long lasting durability withstand daily wear tear ip67 waterproof rated ip67 waterproof rated compatible major brands devices market includes extra tips box along comprehensive user manual multiple languages year warranty included purchase covering manufacturing defects workmanship issues 2024 edition introduces several key improvements including enhanced processing speed refined design our engineering team spent over 18 months developing testing product ensure meets highest quality standards unit individually serialized registered our quality database tracking purposes,clearly counterfeit product logo misspelled finish rough uneven save your money buy real store,buy seller product listing completely misleading received cheap plastic toy premium item described total fraud
40001,1,free shipping bluetooth soundbar tv subwoofer factory direct exclusive offer hot sale,excellent quality guaranteed our team product specialists product tested verified our quality control department meet highest standards stand behind item sell comprehensive warranty support program free returns if completely satisfied your purchase within 60 days ships usa warehouse fast domestic delivery usually within business days our products sourced certified manufacturers come original documentation certificates authenticity offer volume discounts bulk purchases accommodate custom orders our dedicated customer support team speaks multiple languages available around clock trust us your purchase experience difference quality service make features advanced nfc technology superior performance compared competing products price range built premium aircraft grade aluminum materials long lasting durability withstand daily wear tear dual channel output supports fast charging compatible major brands devices market includes extra batteries box along comprehensive user manual multiple languages year warranty included purchase covering manufacturing defects workmanship issues 2026 edition introduces several key improvements including enhanced battery life refined design our engineering team spent over 18 months developing testing product ensure meets highest quality standards unit individually serialized registered our quality database tracking purposes,decent product issues main function works fine battery life nowhere close advertised acceptable casual use,received empty box yes literally nothing inside seller claims shipped item joke already filed dispute
40002,1,led face mask light therapy color anti aging best deal,professional grade device dual channel output 2000mah rechargeable battery perfect beginners experienced users demand best performance their equipment compact lightweight design 85g makes perfect travel go use multi device connectivity ensures seamless operation smartphones tablets computers industrial grade components rated over 50000 hours continuous operation features intuitive interface customizable settings presets different use scenarios product certified multiple international standards organizations including ce fcc rohs compliance includes premium extra batteries valued 29 99 free bonus your purchase our technical support team available help setup troubleshooting via phone email live chat,outstanding quality price skeptical first exceeded my expectations build quality feels premium looks great,second time got scammed type listing product counterfeit real functionality brand name printed crooked sticker
40003,1,coffee scale timer 1g high precision last chance wholesale price,upgraded 2024 model significantly improved sensor accuracy outperforms previous generation up 40 percent up 48 hour battery life 8gb internal memory designed specifically outdoor adventures ergonomic form factor reduces fatigue during extended use sessions package includes carrying case detailed quick start guide get up running minutes day battery life single charge fast charging support gets 80 percent 30 minutes sleek new design weighs 250g making one lightest options available dual mode wireless connectivity ensures seamless operation your existing devices smart home ecosystem advanced sensors provide real time monitoring automatic adjustments optimal performance any environment,five stars perfect product perfect price perfect seller happier already recommended my coworkers buying gifts,took 45 days arrive wrong item entirely customer service nonexistent worst online shopping experience my life
40004,1,remote control car off road monster truck 4wd free shipping flash deal,next generation device featuring revolutionary bluetooth technology sets new standard industry precision engineered stainless steel construction premium look feel rivals products costing three times much auto power saving mode precision engineered motors 2026 release includes new battery life system adapts your personal preferences over time using machine learning algorithms battery capacity 48 hour ensures use product day without worrying about recharging compatible ios android windows macos platforms through our free companion app available major app stores box find main unit user manual charging cable microfiber cleaning cloth,excellent product arrived fast well packaged exactly described am happy purchase buy seller again sure,best deal found online product quality top notch service impeccable definitely coming back
40005,1,100 original facial cleansing brush electric waterproof deep pore don miss limited offer mega sale,upgraded 2026 model significantly improved sensor accuracy outperforms previous generation up 40 percent touch sensitive controls high resolution amoled display designed specifically professional use ergonomic form factor reduces fatigue during extended use sessions package includes travel pouch detailed quick start guide get up running minutes 36 hour battery life single charge fast charging support gets 80 percent 30 minutes sleek new design weighs 200g making one lightest options available multi device connectivity ensures seamless operation your existing devices smart home ecosystem advanced sensors provide real time monitoring automatic adjustments optimal performance any environment,average product features work well others disappointing customer service helpful questions rate out overall,product broke first use made cheapest materials possible battery died 30 minutes 48 hours advertised completely misleading listing
40006,1,tws bluetooth earbuds led display charging case 100 original,top quality product buy confidence returns accepted fast free shipping,best product ever used quality outstanding price unbelievable already ordered two my family highly recommended,item match description photos show completely different product disappointed wasted my money garbage stay away
40007,1,mega sale robot dog toy interactive voice commands top quality factory direct,next generation device featuring revolutionary dual band technology sets new standard industry precision engineered stainless steel construction premium look feel rivals products costing three times much ip67 waterproof rated multi touch gesture control 2025 release includes new sensor accuracy system adapts your personal preferences over time using machine learning algorithms battery capacity 24 hour ensures use product day without worrying about recharging compatible ios android windows macos platforms through our free companion app available major app stores box find main unit extra tips charging cable microfiber cleaning cloth,used week now amazing complaints works great out box setup easy intuitive satisfied customer here,worst purchase ever product arrived broken smelled like chemicals seller multiple accounts selling junk reported customer service
40008,1,led desk lamp wireless charging usb port dimmable,100 authentic guaranteed ships today returns accepted within 30 days,used week now amazing complaints works great out box setup easy intuitive satisfied customer here,product broke first use made cheapest materials possible battery died 30 minutes 48 hours advertised completely misleading listing
40009,1,solar power bank 30000mah waterproof led flashlight limited offer lowest price,brand new sealed original packaging 100 authentic product guaranteed offer best quality lowest prices fast shipping within 24 hours buy total confidence our trusted store satisfaction guaranteed your money back best deal find limited stock available order now before sells out sold thousands products received nothing positive feedback our loyal customers our products go through rigorous quality checks before shipped out item carefully wrapped protective packaging ensure arrives perfect condition offer hassle free return policy if completely satisfied our customer service team available 24 assist any questions concerns don miss out incredible opportunity premium product fraction retail price,best deal found online product quality top notch service impeccable definitely coming back,great product good quality highly recommend everyone best purchase ever made definitely buy again amazing seller fast shipping
40010,1,mega sale true wireless noise cancelling earbuds hi fi stereo guaranteed authentic wholesale price,amazing deal premium quality item bestseller our store months perfect gift birthdays holidays anniversaries treat yourself something special offer fast free shipping orders hassle free returns within 30 days item regularly sells much retail stores specialty shops take advantage limited time offer before our inventory runs out update our stock regularly popular items like one tend sell out quickly product features latest technology design improvements manufacturer unit undergoes 12 point inspection process ensure meets our exacting standards packaging includes premium gift ready presentation protective foam inserts branded tissue paper,outstanding quality price skeptical first exceeded my expectations build quality feels premium looks great,terrible product received cheap knockoff looks nothing like pictures seller refused respond my messages complete waste money buy
40011,1,super deal bluetooth soundbar tv subwoofer flash deal premium grade clearance 100 original,amazing deal premium quality item bestseller our store months perfect gift birthdays holidays anniversaries treat yourself something special offer fast free shipping orders hassle free returns within 30 days item regularly sells much retail stores specialty shops take advantage limited time offer before our inventory runs out update our stock regularly popular items like one tend sell out quickly product features latest technology design improvements manufacturer unit undergoes 12 point inspection process ensure meets our exacting standards packaging includes premium gift ready presentation protective foam inserts branded tissue paper,product okay price expect premium quality works build quality cheap get pay guess,clearly counterfeit product logo misspelled finish rough uneven save your money buy real store
40012,1,laptop cooling pad fans gaming notebook cooler mega sale,top rated product premium materials exceptional craftsmanship factory direct pricing means huge savings compared retail stores item carefully inspected our quality control team before shipping guarantee fast delivery excellent customer service throughout your shopping experience must item incredible price point find anywhere else our warehouse processes orders within hours purchase lightning fast delivery product comes comprehensive user guide necessary accessories included box partnerships major shipping carriers ensure fastest possible delivery times customer satisfaction our number one priority go above beyond make sure happy your purchase features advanced wifi technology superior performance compared competing products price range built premium reinforced polymer materials long lasting durability withstand daily wear tear up 48 hour battery life auto power saving mode compatible major brands devices market includes extra tips box along comprehensive user manual multiple languages year warranty included purchase covering manufacturing defects workmanship issues 2025 edition introduces several key improvements including enhanced connectivity range refined design our engineering team spent over 18 months developing testing product ensure meets highest quality standards unit individually serialized registered our quality database tracking purposes,item match description photos show completely different product disappointed wasted my money garbage stay away,item match description photos show completely different product disappointed wasted my money garbage stay away
40013,1,professional studio monitor headphones wired don miss brand new,high quality product unbeatable price reputable seller years experience industry item exactly described listing ships day our warehouse returns accepted within 30 days any reason don miss amazing opportunity get best value your money our customers love product keep coming back source our products directly manufacturer eliminate middlemen pass savings order tracked insured your peace mind selling platform over five years stellar track record join thousands satisfied customers already discovered quality value our products,happy purchase works exactly advertised my friends jealous want one great value price quick delivery,outstanding quality price skeptical first exceeded my expectations build quality feels premium looks great
40014,1,survival kit emergency 250 pieces first aid camping don miss top quality,great product great price order now before stock runs out fast delivery,best product ever used quality outstanding price unbelievable already ordered two my family highly recommended,worst purchase ever product arrived broken smelled like chemicals seller multiple accounts selling junk reported customer service
40015,1,free shipping building blocks set 1000 pieces stem educational toy wholesale price sealed box fast ship guaranteed authentic,excellent quality guaranteed our team product specialists product tested verified our quality control department meet highest standards stand behind item sell comprehensive warranty support program free returns if completely satisfied your purchase within 60 days ships usa warehouse fast domestic delivery usually within business days our products sourced certified manufacturers come original documentation certificates authenticity offer volume discounts bulk purchases accommodate custom orders our dedicated customer support team speaks multiple languages available around clock trust us your purchase experience difference quality service make,best product ever used quality outstanding price unbelievable already ordered two my family highly recommended,buy seller product listing completely misleading received cheap plastic toy premium item described total fraud
40016,1,electric space heater thermostat energy efficient brand new free shipping,top rated product premium materials exceptional craftsmanship factory direct pricing means huge savings compared retail stores item carefully inspected our quality control team before shipping guarantee fast delivery excellent customer service throughout your shopping experience must item incredible price point find anywhere else our warehouse processes orders within hours purchase lightning fast delivery product comes comprehensive user guide necessary accessories included box partnerships major shipping carriers ensure fastest possible delivery times customer satisfaction our number one priority go above beyond make sure happy your purchase upgraded 2026 model significantly improved connectivity range outperforms previous generation up 40 percent ip67 waterproof rated up 48 hour battery life designed specifically gym workouts ergonomic form factor reduces fatigue during extended use sessions package includes travel pouch detailed quick start guide get up running minutes 100 hour battery life single charge fast charging support gets 80 percent 30 minutes sleek new design weighs 200g making one lightest options available bluetooth connectivity ensures seamless operation your existing devices smart home ecosystem advanced sensors provide real time monitoring automatic adjustments optimal performance any environment,decent product issues main function works fine battery life nowhere close advertised acceptable casual use,terrible product received cheap knockoff looks nothing like pictures seller refused respond my messages complete waste money buy
40017,1,clearance dash cam front rear dual camera night vision exclusive offer mega sale free shipping bulk discount,new box ships day best deal online satisfaction guaranteed,five stars perfect product perfect price perfect seller happier already recommended my coworkers buying gifts,fake product compared genuine one differences obvious cheaper materials wrong colors bad stitching seller dishonest
40018,1,brand new teeth whitening kit led light professional grade flash deal lowest price top quality last chance,professional grade device 4k uhd resolution multi touch gesture control perfect beginners experienced users demand best performance their equipment compact lightweight design 250g makes perfect travel go use multi device connectivity ensures seamless operation smartphones tablets computers industrial grade components rated over 50000 hours continuous operation features intuitive interface customizable settings presets different use scenarios product certified multiple international standards organizations including ce fcc rohs compliance includes premium cleaning cloth valued 29 99 free bonus your purchase our technical support team available help setup troubleshooting via phone email live chat,took 45 days arrive wrong item entirely customer service nonexistent worst online shopping experience my life,scam item received clearly fake packaging damaged product stopped working after two days tried get refund seller disappeared
40019,1,rc drone 4k camera fpv gps foldable quadcopter unbeatable price,next generation device featuring revolutionary nfc technology sets new standard industry precision engineered medical grade silicone construction premium look feel rivals products costing three times much 120db signal noise ratio multi touch gesture control 2025 release includes new sound quality system adapts your personal preferences over time using machine learning algorithms battery capacity day ensures use product day without worrying about recharging compatible ios android windows macos platforms through our free companion app available major app stores box find main unit carrying case charging cable microfiber cleaning cloth,love much works perfectly exactly needed five stars way exceeded my expectations way possible recommend friends family,used week now amazing complaints works great out box setup easy intuitive satisfied customer here
40020,1,electric space heater thermostat energy efficient,upgraded 2026 model significantly improved display brightness outperforms previous generation up 40 percent 4k uhd resolution supports fast charging designed specifically professional use ergonomic form factor reduces fatigue during extended use sessions package includes cleaning cloth detailed quick start guide get up running minutes 36 hour battery life single charge fast charging support gets 80 percent 30 minutes sleek new design weighs 200g making one lightest options available multi device connectivity ensures seamless operation your existing devices smart home ecosystem advanced sensors provide real time monitoring automatic adjustments optimal performance any environment,wow wow product incredible tried many similar products one far best seller also responsive helpful,buy seller product listing completely misleading received cheap plastic toy premium item described total fraud
40021,1,portable bluetooth speaker waterproof ipx7 outdoor don miss premium grade,upgraded 2025 model significantly improved battery life outperforms previous generation up 40 percent 360 degree surround sound auto power saving mode designed specifically home office ergonomic form factor reduces fatigue during extended use sessions package includes carrying case detailed quick start guide get up running minutes 48 hour battery life single charge fast charging support gets 80 percent 30 minutes sleek new design weighs 200g making one lightest options available dual mode wireless connectivity ensures seamless operation your existing devices smart home ecosystem advanced sensors provide real time monitoring automatic adjustments optimal performance any environment,absolutely love perfect needed arrived earlier expected packaged securely am nothing short impressed,best deal found online product quality top notch service impeccable definitely coming back
40022,1,noise cancelling wireless headphones 60h battery life last chance mega sale,excellent quality guaranteed our team product specialists product tested verified our quality control department meet highest standards stand behind item sell comprehensive warranty support program free returns if completely satisfied your purchase within 60 days ships usa warehouse fast domestic delivery usually within business days our products sourced certified manufacturers come original documentation certificates authenticity offer volume discounts bulk purchases accommodate custom orders our dedicated customer support team speaks multiple languages available around clock trust us your purchase experience difference quality service make,used week now amazing complaints works great out box setup easy intuitive satisfied customer here,worst purchase ever product arrived broken smelled like chemicals seller multiple accounts selling junk reported customer service
40023,1,car phone mount magnetic universal dashboard holder,features advanced usb technology superior performance compared competing products price range built premium medical grade silicone materials long lasting durability withstand daily wear tear multi touch gesture control up 48 hour battery life compatible major brands devices market includes carrying case box along comprehensive user manual multiple languages year warranty included purchase covering manufacturing defects workmanship issues 2024 edition introduces several key improvements including enhanced sound quality refined design our engineering team spent over 18 months developing testing product ensure meets highest quality standards unit individually serialized registered our quality database tracking purposes,seller product fast shipping great communication high quality item ask my third purchase seller,scam item received clearly fake packaging damaged product stopped working after two days tried get refund seller disappeared
40024,1,fast wireless charging pad 15w compatible phones last chance mega sale,premium product wholesale price limited stock order now,absolutely love perfect needed arrived earlier expected packaged securely am nothing short impressed,best product ever used quality outstanding price unbelievable already ordered two my family highly recommended
40025,1,rc drone 4k camera fpv gps foldable quadcopter factory direct,professional grade device multi touch gesture control built noise cancellation perfect beginners experienced users demand best performance their equipment compact lightweight design 350g makes perfect travel go use dual mode wireless connectivity ensures seamless operation smartphones tablets computers industrial grade components rated over 50000 hours continuous operation features intuitive interface customizable settings presets different use scenarios product certified multiple international standards organizations including ce fcc rohs compliance includes premium carrying case valued 29 99 free bonus your purchase our technical support team available help setup troubleshooting via phone email live chat,excellent product arrived fast well packaged exactly described am happy purchase buy seller again sure,second time got scammed type listing product counterfeit real functionality brand name printed crooked sticker
40026,1,bluetooth earbuds microphone deep bass audio,excellent quality guaranteed our team product specialists product tested verified our quality control department meet highest standards stand behind item sell comprehensive warranty support program free returns if completely satisfied your purchase within 60 days ships usa warehouse fast domestic delivery usually within business days our products sourced certified manufacturers come original documentation certificates authenticity offer volume discounts bulk purchases accommodate custom orders our dedicated customer support team speaks multiple languages available around clock trust us your purchase experience difference quality service make,seller product fast shipping great communication high quality item ask my third purchase seller,five stars perfect product perfect price perfect seller happier already recommended my coworkers buying gifts
40027,1,hair straightener flat iron ceramic plates 100 original,excellent quality guaranteed our team product specialists product tested verified our quality control department meet highest standards stand behind item sell comprehensive warranty support program free returns if completely satisfied your purchase within 60 days ships usa warehouse fast domestic delivery usually within business days our products sourced certified manufacturers come original documentation certificates authenticity offer volume discounts bulk purchases accommodate custom orders our dedicated customer support team speaks multiple languages available around clock trust us your purchase experience difference quality service make,best product ever used quality outstanding price unbelievable already ordered two my family highly recommended,absolutely love perfect needed arrived earlier expected packaged securely am nothing short impressed
40028,1,buy now magnetic wireless charger stand phone watch factory direct top quality bulk discount don miss,excellent quality guaranteed our team product specialists product tested verified our quality control department meet highest standards stand behind item sell comprehensive warranty support program free returns if completely satisfied your purchase within 60 days ships usa warehouse fast domestic delivery usually within business days our products sourced certified manufacturers come original documentation certificates authenticity offer volume discounts bulk purchases accommodate custom orders our dedicated customer support team speaks multiple languages available around clock trust us your purchase experience difference quality service make,wow wow product incredible tried many similar products one far best seller also responsive helpful,buy seller product listing completely misleading received cheap plastic toy premium item described total fraud
40029,1,buy now vacuum sealer machine starter kit bags included exclusive offer flash deal free shipping lowest price,top rated product premium materials exceptional craftsmanship factory direct pricing means huge savings compared retail stores item carefully inspected our quality control team before shipping guarantee fast delivery excellent customer service throughout your shopping experience must item incredible price point find anywhere else our warehouse processes orders within hours purchase lightning fast delivery product comes comprehensive user guide necessary accessories included box partnerships major shipping carriers ensure fastest possible delivery times customer satisfaction our number one priority go above beyond make sure happy your purchase,great product good quality highly recommend everyone best purchase ever made definitely buy again amazing seller fast shipping,second time got scammed type listing product counterfeit real functionality brand name printed crooked sticker
40030,1,laptop stand adjustable aluminum ergonomic riser,next generation device featuring revolutionary nfc technology sets new standard industry precision engineered carbon fiber construction premium look feel rivals products costing three times much built noise cancellation 120db signal noise ratio 2025 release includes new battery life system adapts your personal preferences over time using machine learning algorithms battery capacity 72 hour ensures use product day without worrying about recharging compatible ios android windows macos platforms through our free companion app available major app stores box find main unit carrying case charging cable microfiber cleaning cloth,seller product fast shipping great communication high quality item ask my third purchase seller,great product good quality highly recommend everyone best purchase ever made definitely buy again amazing seller fast shipping
40031,1,teeth whitening kit led light professional grade buy now,next generation device featuring revolutionary usb technology sets new standard industry precision engineered premium abs construction premium look feel rivals products costing three times much 360 degree surround sound supports fast charging 2024 release includes new sensor accuracy system adapts your personal preferences over time using machine learning algorithms battery capacity 48 hour ensures use product day without worrying about recharging compatible ios android windows macos platforms through our free companion app available major app stores box find main unit carrying case charging cable microfiber cleaning cloth,best deal found online product quality top notch service impeccable definitely coming back,scam item received clearly fake packaging damaged product stopped working after two days tried get refund seller disappeared
40032,1,hot sale vacuum sealer machine starter kit bags included super deal last chance,upgraded 2024 model significantly improved battery life outperforms previous generation up 40 percent dual channel output 2000mah rechargeable battery designed specifically daily commuting ergonomic form factor reduces fatigue during extended use sessions package includes usb cable detailed quick start guide get up running minutes 36 hour battery life single charge fast charging support gets 80 percent 30 minutes sleek new design weighs 250g making one lightest options available multi device connectivity ensures seamless operation your existing devices smart home ecosystem advanced sensors provide real time monitoring automatic adjustments optimal performance any environment,outstanding quality price skeptical first exceeded my expectations build quality feels premium looks great,bad great either arrived acceptable condition minor scratches surface works basic tasks nothing impressive
40033,1,bulk discount premium active noise cancelling wireless earbuds clearance exclusive offer hot sale,high quality product unbeatable price reputable seller years experience industry item exactly described listing ships day our warehouse returns accepted within 30 days any reason don miss amazing opportunity get best value your money our customers love product keep coming back source our products directly manufacturer eliminate middlemen pass savings order tracked insured your peace mind selling platform over five years stellar track record join thousands satisfied customers already discovered quality value our products,works quality mediocre best materials feel cheap compared photos return if something better comes along,terrible product received cheap knockoff looks nothing like pictures seller refused respond my messages complete waste money buy
40034,1,electric scalp massager waterproof heads 100 original fast ship,top rated product premium materials exceptional craftsmanship factory direct pricing means huge savings compared retail stores item carefully inspected our quality control team before shipping guarantee fast delivery excellent customer service throughout your shopping experience must item incredible price point find anywhere else our warehouse processes orders within hours purchase lightning fast delivery product comes comprehensive user guide necessary accessories included box partnerships major shipping carriers ensure fastest possible delivery times customer satisfaction our number one priority go above beyond make sure happy your purchase,love much works perfectly exactly needed five stars way exceeded my expectations way possible recommend friends family,worst purchase ever product arrived broken smelled like chemicals seller multiple accounts selling junk reported customer service
40035,1,wholesale price bluetooth earbuds microphone deep bass audio buy now brand new,next generation device featuring revolutionary nfc technology sets new standard industry precision engineered aircraft grade aluminum construction premium look feel rivals products costing three times much 2000mah rechargeable battery dual channel output 2026 release includes new display brightness system adapts your personal preferences over time using machine learning algorithms battery capacity 36 hour ensures use product day without worrying about recharging compatible ios android windows macos platforms through our free companion app available major app stores box find main unit extra batteries charging cable microfiber cleaning cloth,wow wow product incredible tried many similar products one far best seller also responsive helpful,product broke first use made cheapest materials possible battery died 30 minutes 48 hours advertised completely misleading listing
40036,1,premium grade electric space heater thermostat energy efficient free shipping super deal,excellent quality guaranteed our team product specialists product tested verified our quality control department meet highest standards stand behind item sell comprehensive warranty support program free returns if completely satisfied your purchase within 60 days ships usa warehouse fast domestic delivery usually within business days our products sourced certified manufacturers come original documentation certificates authenticity offer volume discounts bulk purchases accommodate custom orders our dedicated customer support team speaks multiple languages available around clock trust us your purchase experience difference quality service make professional grade device supports fast charging 360 degree surround sound perfect beginners experienced users demand best performance their equipment compact lightweight design 120g makes perfect travel go use dual mode wireless connectivity ensures seamless operation smartphones tablets computers industrial grade components rated over 50000 hours continuous operation features intuitive interface customizable settings presets different use scenarios product certified multiple international standards organizations including ce fcc rohs compliance includes premium mounting bracket valued 29 99 free bonus your purchase our technical support team available help setup troubleshooting via phone email live chat,works quality mediocre best materials feel cheap compared photos return if something better comes along,worst purchase ever product arrived broken smelled like chemicals seller multiple accounts selling junk reported customer service
40037,1,portable power bank 20000mah quick charge,next generation device featuring revolutionary dual band technology sets new standard industry precision engineered medical grade silicone construction premium look feel rivals products costing three times much 4k uhd resolution dual channel output 2025 release includes new processing speed system adapts your personal preferences over time using machine learning algorithms battery capacity 72 hour ensures use product day without worrying about recharging compatible ios android windows macos platforms through our free companion app available major app stores box find main unit mounting bracket charging cable microfiber cleaning cloth,average product features work well others disappointing customer service helpful questions rate out overall,took 45 days arrive wrong item entirely customer service nonexistent worst online shopping experience my life
40038,1,screen protector tempered glass 9h hardness anti scratch limited offer,professional grade device touch sensitive controls touch sensitive controls perfect beginners experienced users demand best performance their equipment compact lightweight design 200g makes perfect travel go use wifi 6e connectivity ensures seamless operation smartphones tablets computers industrial grade components rated over 50000 hours continuous operation features intuitive interface customizable settings presets different use scenarios product certified multiple international standards organizations including ce fcc rohs compliance includes premium mounting bracket valued 29 99 free bonus your purchase our technical support team available help setup troubleshooting via phone email live chat,decent product issues main function works fine battery life nowhere close advertised acceptable casual use,product broke first use made cheapest materials possible battery died 30 minutes 48 hours advertised completely misleading listing
40039,1,dash cam front rear dual camera night vision,brand new sealed original packaging 100 authentic product guaranteed offer best quality lowest prices fast shipping within 24 hours buy total confidence our trusted store satisfaction guaranteed your money back best deal find limited stock available order now before sells out sold thousands products received nothing positive feedback our loyal customers our products go through rigorous quality checks before shipped out item carefully wrapped protective packaging ensure arrives perfect condition offer hassle free return policy if completely satisfied our customer service team available 24 assist any questions concerns don miss out incredible opportunity premium product fraction retail price,seller product fast shipping great communication high quality item ask my third purchase seller,item match description photos show completely different product disappointed wasted my money garbage stay away
40040,1,electric kettle temperature control stainless steel,brand new sealed original packaging 100 authentic product guaranteed offer best quality lowest prices fast shipping within 24 hours buy total confidence our trusted store satisfaction guaranteed your money back best deal find limited stock available order now before sells out sold thousands products received nothing positive feedback our loyal customers our products go through rigorous quality checks before shipped out item carefully wrapped protective packaging ensure arrives perfect condition offer hassle free return policy if completely satisfied our customer service team available 24 assist any questions concerns don miss out incredible opportunity premium product fraction retail price,happy purchase works exactly advertised my friends jealous want one great value price quick delivery,received empty box yes literally nothing inside seller claims shipped item joke already filed dispute
40041,1,selfie stick tripod bluetooth remote extendable last chance limited offer,top rated product premium materials exceptional craftsmanship factory direct pricing means huge savings compared retail stores item carefully inspected our quality control team before shipping guarantee fast delivery excellent customer service throughout your shopping experience must item incredible price point find anywhere else our warehouse processes orders within hours purchase lightning fast delivery product comes comprehensive user guide necessary accessories included box partnerships major shipping carriers ensure fastest possible delivery times customer satisfaction our number one priority go above beyond make sure happy your purchase,seller product fast shipping great communication high quality item ask my third purchase seller,great product good quality highly recommend everyone best purchase ever made definitely buy again amazing seller fast shipping
40042,1,camping hammock double portable tree straps flash deal lowest price,premium product wholesale price limited stock order now,five stars perfect product perfect price perfect seller happier already recommended my coworkers buying gifts,took 45 days arrive wrong item entirely customer service nonexistent worst online shopping experience my life
40043,1,tactical flashlight led rechargeable super bright 10000 lumens,top rated product premium materials exceptional craftsmanship factory direct pricing means huge savings compared retail stores item carefully inspected our quality control team before shipping guarantee fast delivery excellent customer service throughout your shopping experience must item incredible price point find anywhere else our warehouse processes orders within hours purchase lightning fast delivery product comes comprehensive user guide necessary accessories included box partnerships major shipping carriers ensure fastest possible delivery times customer satisfaction our number one priority go above beyond make sure happy your purchase upgraded 2026 model significantly improved sensor accuracy outperforms previous generation up 40 percent 2000mah rechargeable battery multi touch gesture control designed specifically professional use ergonomic form factor reduces fatigue during extended use sessions package includes cleaning cloth detailed quick start guide get up running minutes day battery life single charge fast charging support gets 80 percent 30 minutes sleek new design weighs 350g making one lightest options available wifi 6e connectivity ensures seamless operation your existing devices smart home ecosystem advanced sensors provide real time monitoring automatic adjustments optimal performance any environment,seller product fast shipping great communication high quality item ask my third purchase seller,looks nothing like photos cheap flimsy plastic cracked first day reviews listing must fake because product terrible
40044,1,don miss vacuum sealer machine starter kit bags included factory direct buy now,professional grade device supports fast charging auto power saving mode perfect beginners experienced users demand best performance their equipment compact lightweight design 120g makes perfect travel go use bluetooth connectivity ensures seamless operation smartphones tablets computers industrial grade components rated over 50000 hours continuous operation features intuitive interface customizable settings presets different use scenarios product certified multiple international standards organizations including ce fcc rohs compliance includes premium mounting bracket valued 29 99 free bonus your purchase our technical support team available help setup troubleshooting via phone email live chat,best product ever used quality outstanding price unbelievable already ordered two my family highly recommended,average product features work well others disappointing customer service helpful questions rate out overall
40045,1,mechanical gaming keyboard rgb backlit blue switches last chance wholesale price,top rated product premium materials exceptional craftsmanship factory direct pricing means huge savings compared retail stores item carefully inspected our quality control team before shipping guarantee fast delivery excellent customer service throughout your shopping experience must item incredible price point find anywhere else our warehouse processes orders within hours purchase lightning fast delivery product comes comprehensive user guide necessary accessories included box partnerships major shipping carriers ensure fastest possible delivery times customer satisfaction our number one priority go above beyond make sure happy your purchase features advanced smart sensor technology superior performance compared competing products price range built premium medical grade silicone materials long lasting durability withstand daily wear tear 4k uhd resolution ip67 waterproof rated compatible major brands devices market includes extra batteries box along comprehensive user manual multiple languages year warranty included purchase covering manufacturing defects workmanship issues 2026 edition introduces several key improvements including enhanced battery life refined design our engineering team spent over 18 months developing testing product ensure meets highest quality standards unit individually serialized registered our quality database tracking purposes,excellent product arrived fast well packaged exactly described am happy purchase buy seller again sure,great product good quality highly recommend everyone best purchase ever made definitely buy again amazing seller fast shipping
40046,1,hiking backpack 50l waterproof rain cover top quality,next generation device featuring revolutionary ai powered technology sets new standard industry precision engineered carbon fiber construction premium look feel rivals products costing three times much supports fast charging ip67 waterproof rated 2025 release includes new display brightness system adapts your personal preferences over time using machine learning algorithms battery capacity 48 hour ensures use product day without worrying about recharging compatible ios android windows macos platforms through our free companion app available major app stores box find main unit extra batteries charging cable microfiber cleaning cloth,seller product fast shipping great communication high quality item ask my third purchase seller,happy purchase works exactly advertised my friends jealous want one great value price quick delivery
40047,1,hiking backpack 50l waterproof rain cover,top rated product premium materials exceptional craftsmanship factory direct pricing means huge savings compared retail stores item carefully inspected our quality control team before shipping guarantee fast delivery excellent customer service throughout your shopping experience must item incredible price point find anywhere else our warehouse processes orders within hours purchase lightning fast delivery product comes comprehensive user guide necessary accessories included box partnerships major shipping carriers ensure fastest possible delivery times customer satisfaction our number one priority go above beyond make sure happy your purchase,excellent product arrived fast well packaged exactly described am happy purchase buy seller again sure,took 45 days arrive wrong item entirely customer service nonexistent worst online shopping experience my life
40048,1,limited offer electric water gun automatic high capacity don miss hot sale,brand new sealed original packaging 100 authentic product guaranteed offer best quality lowest prices fast shipping within 24 hours buy total confidence our trusted store satisfaction guaranteed your money back best deal find limited stock available order now before sells out sold thousands products received nothing positive feedback our loyal customers our products go through rigorous quality checks before shipped out item carefully wrapped protective packaging ensure arrives perfect condition offer hassle free return policy if completely satisfied our customer service team available 24 assist any questions concerns don miss out incredible opportunity premium product fraction retail price features advanced wifi technology superior performance compared competing products price range built premium aircraft grade aluminum materials long lasting durability withstand daily wear tear built noise cancellation 8gb internal memory compatible major brands devices market includes cleaning cloth box along comprehensive user manual multiple languages lifetime warranty included purchase covering manufacturing defects workmanship issues 2024 edition introduces several key improvements including enhanced sound quality refined design our engineering team spent over 18 months developing testing product ensure meets highest quality standards unit individually serialized registered our quality database tracking purposes,love much works perfectly exactly needed five stars way exceeded my expectations way possible recommend friends family,absolutely love perfect needed arrived earlier expected packaged securely am nothing short impressed
40049,1,health monitor smart watch ecg blood oxygen premium grade super deal,brand new fast shipping best price buy confidence our trusted store,fine occasional use quality acceptable considering low price don expect last months,looks nothing like photos cheap flimsy plastic cracked first day reviews listing must fake because product terrible
40050,1,magnetic wireless charger stand phone watch wholesale price exclusive offer,next generation device featuring revolutionary ai powered technology sets new standard industry precision engineered premium abs construction premium look feel rivals products costing three times much 360 degree surround sound up 48 hour battery life 2025 release includes new display brightness system adapts your personal preferences over time using machine learning algorithms battery capacity 72 hour ensures use product day without worrying about recharging compatible ios android windows macos platforms through our free companion app available major app stores box find main unit extra tips charging cable microfiber cleaning cloth,absolutely love perfect needed arrived earlier expected packaged securely am nothing short impressed,love much works perfectly exactly needed five stars way exceeded my expectations way possible recommend friends family
40051,1,factory direct sport wireless earphones waterproof ipx7 running limited offer don miss sealed box last chance,new box ships day best deal online satisfaction guaranteed,love much works perfectly exactly needed five stars way exceeded my expectations way possible recommend friends family,received empty box yes literally nothing inside seller claims shipped item joke already filed dispute
40052,1,lowest price portable power bank 20000mah quick charge limited offer mega sale fast ship guaranteed authentic,top rated product premium materials exceptional craftsmanship factory direct pricing means huge savings compared retail stores item carefully inspected our quality control team before shipping guarantee fast delivery excellent customer service throughout your shopping experience must item incredible price point find anywhere else our warehouse processes orders within hours purchase lightning fast delivery product comes comprehensive user guide necessary accessories included box partnerships major shipping carriers ensure fastest possible delivery times customer satisfaction our number one priority go above beyond make sure happy your purchase professional grade device high resolution amoled display 2000mah rechargeable battery perfect beginners experienced users demand best performance their equipment compact lightweight design 120g makes perfect travel go use bluetooth connectivity ensures seamless operation smartphones tablets computers industrial grade components rated over 50000 hours continuous operation features intuitive interface customizable settings presets different use scenarios product certified multiple international standards organizations including ce fcc rohs compliance includes premium travel pouch valued 29 99 free bonus your purchase our technical support team available help setup troubleshooting via phone email live chat,wow wow product incredible tried many similar products one far best seller also responsive helpful,fake product compared genuine one differences obvious cheaper materials wrong colors bad stitching seller dishonest
40053,1,tws bluetooth earbuds led display charging case top quality premium grade,top rated product premium materials exceptional craftsmanship factory direct pricing means huge savings compared retail stores item carefully inspected our quality control team before shipping guarantee fast delivery excellent customer service throughout your shopping experience must item incredible price point find anywhere else our warehouse processes orders within hours purchase lightning fast delivery product comes comprehensive user guide necessary accessories included box partnerships major shipping carriers ensure fastest possible delivery times customer satisfaction our number one priority go above beyond make sure happy your purchase,happy purchase works exactly advertised my friends jealous want one great value price quick delivery,took 45 days arrive wrong item entirely customer service nonexistent worst online shopping experience my life
40054,1,phone gimbal stabilizer axis video recording hot sale lowest price,brand new sealed original packaging 100 authentic product guaranteed offer best quality lowest prices fast shipping within 24 hours buy total confidence our trusted store satisfaction guaranteed your money back best deal find limited stock available order now before sells out sold thousands products received nothing positive feedback our loyal customers our products go through rigorous quality checks before shipped out item carefully wrapped protective packaging ensure arrives perfect condition offer hassle free return policy if completely satisfied our customer service team available 24 assist any questions concerns don miss out incredible opportunity premium product fraction retail price professional grade device supports fast charging multi touch gesture control perfect beginners experienced users demand best performance their equipment compact lightweight design 85g makes perfect travel go use bluetooth connectivity ensures seamless operation smartphones tablets computers industrial grade components rated over 50000 hours continuous operation features intuitive interface customizable settings presets different use scenarios product certified multiple international standards organizations including ce fcc rohs compliance includes premium mounting bracket valued 29 99 free bonus your purchase our technical support team available help setup troubleshooting via phone email live chat,best product ever used quality outstanding price unbelievable already ordered two my family highly recommended,worst purchase ever product arrived broken smelled like chemicals seller multiple accounts selling junk reported customer service
40055,1,portable party speaker bass boost rgb lights 100 original wholesale price,brand new sealed original packaging 100 authentic product guaranteed offer best quality lowest prices fast shipping within 24 hours buy total confidence our trusted store satisfaction guaranteed your money back best deal find limited stock available order now before sells out sold thousands products received nothing positive feedback our loyal customers our products go through rigorous quality checks before shipped out item carefully wrapped protective packaging ensure arrives perfect condition offer hassle free return policy if completely satisfied our customer service team available 24 assist any questions concerns don miss out incredible opportunity premium product fraction retail price next generation device featuring revolutionary bluetooth technology sets new standard industry precision engineered carbon fiber construction premium look feel rivals products costing three times much auto power saving mode up 48 hour battery life 2026 release includes new display brightness system adapts your personal preferences over time using machine learning algorithms battery capacity day ensures use product day without worrying about recharging compatible ios android windows macos platforms through our free companion app available major app stores box find main unit extra batteries charging cable microfiber cleaning cloth,great product good quality highly recommend everyone best purchase ever made definitely buy again amazing seller fast shipping,fake product compared genuine one differences obvious cheaper materials wrong colors bad stitching seller dishonest
40056,1,smart speaker voice assistant built wifi wholesale price,top rated product premium materials exceptional craftsmanship factory direct pricing means huge savings compared retail stores item carefully inspected our quality control team before shipping guarantee fast delivery excellent customer service throughout your shopping experience must item incredible price point find anywhere else our warehouse processes orders within hours purchase lightning fast delivery product comes comprehensive user guide necessary accessories included box partnerships major shipping carriers ensure fastest possible delivery times customer satisfaction our number one priority go above beyond make sure happy your purchase upgraded 2025 model significantly improved connectivity range outperforms previous generation up 40 percent up 48 hour battery life dual channel output designed specifically professional use ergonomic form factor reduces fatigue during extended use sessions package includes extra tips detailed quick start guide get up running minutes day battery life single charge fast charging support gets 80 percent 30 minutes sleek new design weighs 120g making one lightest options available wifi 6e connectivity ensures seamless operation your existing devices smart home ecosystem advanced sensors provide real time monitoring automatic adjustments optimal performance any environment,wow wow product incredible tried many similar products one far best seller also responsive helpful,buy seller product listing completely misleading received cheap plastic toy premium item described total fraud
40057,1,electric water gun automatic high capacity super deal clearance,brand new sealed original packaging 100 authentic product guaranteed offer best quality lowest prices fast shipping within 24 hours buy total confidence our trusted store satisfaction guaranteed your money back best deal find limited stock available order now before sells out sold thousands products received nothing positive feedback our loyal customers our products go through rigorous quality checks before shipped out item carefully wrapped protective packaging ensure arrives perfect condition offer hassle free return policy if completely satisfied our customer service team available 24 assist any questions concerns don miss out incredible opportunity premium product fraction retail price,seller product fast shipping great communication high quality item ask my third purchase seller,wow wow product incredible tried many similar products one far best seller also responsive helpful
40058,1,tws bluetooth earbuds led display charging case,amazing deal premium quality item bestseller our store months perfect gift birthdays holidays anniversaries treat yourself something special offer fast free shipping orders hassle free returns within 30 days item regularly sells much retail stores specialty shops take advantage limited time offer before our inventory runs out update our stock regularly popular items like one tend sell out quickly product features latest technology design improvements manufacturer unit undergoes 12 point inspection process ensure meets our exacting standards packaging includes premium gift ready presentation protective foam inserts branded tissue paper next generation device featuring revolutionary nfc technology sets new standard industry precision engineered premium abs construction premium look feel rivals products costing three times much dual channel output 8gb internal memory 2026 release includes new sensor accuracy system adapts your personal preferences over time using machine learning algorithms battery capacity 48 hour ensures use product day without worrying about recharging compatible ios android windows macos platforms through our free companion app available major app stores box find main unit carrying case charging cable microfiber cleaning cloth,great product good quality highly recommend everyone best purchase ever made definitely buy again amazing seller fast shipping,product broke first use made cheapest materials possible battery died 30 minutes 48 hours advertised completely misleading listing
40059,1,wireless mouse ergonomic vertical usb receiver factory direct,professional grade device 8gb internal memory built noise cancellation perfect beginners experienced users demand best performance their equipment compact lightweight design 150g makes perfect travel go use dual mode wireless connectivity ensures seamless operation smartphones tablets computers industrial grade components rated over 50000 hours continuous operation features intuitive interface customizable settings presets different use scenarios product certified multiple international standards organizations including ce fcc rohs compliance includes premium carrying case valued 29 99 free bonus your purchase our technical support team available help setup troubleshooting via phone email live chat,seller product fast shipping great communication high quality item ask my third purchase seller,took 45 days arrive wrong item entirely customer service nonexistent worst online shopping experience my life
40060,1,noise cancelling wireless headphones 60h battery life flash deal,professional grade device multi touch gesture control precision engineered motors perfect beginners experienced users demand best performance their equipment compact lightweight design 120g makes perfect travel go use multi device connectivity ensures seamless operation smartphones tablets computers industrial grade components rated over 50000 hours continuous operation features intuitive interface customizable settings presets different use scenarios product certified multiple international standards organizations including ce fcc rohs compliance includes premium extra tips valued 29 99 free bonus your purchase our technical support team available help setup troubleshooting via phone email live chat,bad great either arrived acceptable condition minor scratches surface works basic tasks nothing impressive,buy seller product listing completely misleading received cheap plastic toy premium item described total fraud
40061,1,led desk lamp wireless charging usb port dimmable exclusive offer,upgraded 2024 model significantly improved display brightness outperforms previous generation up 40 percent 8gb internal memory high resolution amoled display designed specifically home office ergonomic form factor reduces fatigue during extended use sessions package includes usb cable detailed quick start guide get up running minutes day battery life single charge fast charging support gets 80 percent 30 minutes sleek new design weighs 200g making one lightest options available wifi 6e connectivity ensures seamless operation your existing devices smart home ecosystem advanced sensors provide real time monitoring automatic adjustments optimal performance any environment,second time got scammed type listing product counterfeit real functionality brand name printed crooked sticker,buy seller product listing completely misleading received cheap plastic toy premium item described total fraud
40062,1,wireless mouse ergonomic vertical usb receiver buy now top quality,100 authentic guaranteed ships today returns accepted within 30 days,excellent product arrived fast well packaged exactly described am happy purchase buy seller again sure,bad great either arrived acceptable condition minor scratches surface works basic tasks nothing impressive
40063,1,limited offer true wireless noise cancelling earbuds hi fi stereo top quality 100 original guaranteed authentic premium grade,brand new sealed original packaging 100 authentic product guaranteed offer best quality lowest prices fast shipping within 24 hours buy total confidence our trusted store satisfaction guaranteed your money back best deal find limited stock available order now before sells out sold thousands products received nothing positive feedback our loyal customers our products go through rigorous quality checks before shipped out item carefully wrapped protective packaging ensure arrives perfect condition offer hassle free return policy if completely satisfied our customer service team available 24 assist any questions concerns don miss out incredible opportunity premium product fraction retail price next generation device featuring revolutionary bluetooth technology sets new standard industry precision engineered carbon fiber construction premium look feel rivals products costing three times much dual channel output built noise cancellation 2024 release includes new connectivity range system adapts your personal preferences over time using machine learning algorithms battery capacity 24 hour ensures use product day without worrying about recharging compatible ios android windows macos platforms through our free companion app available major app stores box find main unit cleaning cloth charging cable microfiber cleaning cloth,seller product fast shipping great communication high quality item ask my third purchase seller,bad great either arrived acceptable condition minor scratches surface works basic tasks nothing impressive
40064,1,brand new laptop cooling pad fans gaming notebook cooler hot sale lowest price,amazing deal premium quality item bestseller our store months perfect gift birthdays holidays anniversaries treat yourself something special offer fast free shipping orders hassle free returns within 30 days item regularly sells much retail stores specialty shops take advantage limited time offer before our inventory runs out update our stock regularly popular items like one tend sell out quickly product features latest technology design improvements manufacturer unit undergoes 12 point inspection process ensure meets our exacting standards packaging includes premium gift ready presentation protective foam inserts branded tissue paper next generation device featuring revolutionary bluetooth technology sets new standard industry precision engineered reinforced polymer construction premium look feel rivals products costing three times much 2000mah rechargeable battery supports fast charging 2024 release includes new display brightness system adapts your personal preferences over time using machine learning algorithms battery capacity 100 hour ensures use product day without worrying about recharging compatible ios android windows macos platforms through our free companion app available major app stores box find main unit extra tips charging cable microfiber cleaning cloth,used week now amazing complaints works great out box setup easy intuitive satisfied customer here,took 45 days arrive wrong item entirely customer service nonexistent worst online shopping experience my life
40065,1,100 original electric scalp massager waterproof heads buy now factory direct don miss brand new,next generation device featuring revolutionary bluetooth technology sets new standard industry precision engineered stainless steel construction premium look feel rivals products costing three times much 360 degree surround sound built noise cancellation 2025 release includes new battery life system adapts your personal preferences over time using machine learning algorithms battery capacity 36 hour ensures use product day without worrying about recharging compatible ios android windows macos platforms through our free companion app available major app stores box find main unit user manual charging cable microfiber cleaning cloth,happy purchase works exactly advertised my friends jealous want one great value price quick delivery,decent product issues main function works fine battery life nowhere close advertised acceptable casual use
40066,1,usb hub docking station 12 hdmi ethernet,excellent quality guaranteed our team product specialists product tested verified our quality control department meet highest standards stand behind item sell comprehensive warranty support program free returns if completely satisfied your purchase within 60 days ships usa warehouse fast domestic delivery usually within business days our products sourced certified manufacturers come original documentation certificates authenticity offer volume discounts bulk purchases accommodate custom orders our dedicated customer support team speaks multiple languages available around clock trust us your purchase experience difference quality service make,best product ever used quality outstanding price unbelievable already ordered two my family highly recommended,terrible product received cheap knockoff looks nothing like pictures seller refused respond my messages complete waste money buy
40067,1,super deal building blocks set 1000 pieces stem educational toy clearance hot sale,top rated product premium materials exceptional craftsmanship factory direct pricing means huge savings compared retail stores item carefully inspected our quality control team before shipping guarantee fast delivery excellent customer service throughout your shopping experience must item incredible price point find anywhere else our warehouse processes orders within hours purchase lightning fast delivery product comes comprehensive user guide necessary accessories included box partnerships major shipping carriers ensure fastest possible delivery times customer satisfaction our number one priority go above beyond make sure happy your purchase,five stars perfect product perfect price perfect seller happier already recommended my coworkers buying gifts,absolutely love perfect needed arrived earlier expected packaged securely am nothing short impressed
40068,1,fast wireless charging pad 15w compatible phones top quality,upgraded 2026 model significantly improved connectivity range outperforms previous generation up 40 percent built noise cancellation up 48 hour battery life designed specifically home office ergonomic form factor reduces fatigue during extended use sessions package includes extra tips detailed quick start guide get up running minutes 72 hour battery life single charge fast charging support gets 80 percent 30 minutes sleek new design weighs 120g making one lightest options available dual mode wireless connectivity ensures seamless operation your existing devices smart home ecosystem advanced sensors provide real time monitoring automatic adjustments optimal performance any environment,fake product compared genuine one differences obvious cheaper materials wrong colors bad stitching seller dishonest,terrible product received cheap knockoff looks nothing like pictures seller refused respond my messages complete waste money buy
40069,1,ring camera doorbell two way audio motion detection,features advanced wifi technology superior performance compared competing products price range built premium premium abs materials long lasting durability withstand daily wear tear multi touch gesture control 8gb internal memory compatible major brands devices market includes mounting bracket box along comprehensive user manual multiple languages year warranty included purchase covering manufacturing defects workmanship issues 2024 edition introduces several key improvements including enhanced battery life refined design our engineering team spent over 18 months developing testing product ensure meets highest quality standards unit individually serialized registered our quality database tracking purposes,outstanding quality price skeptical first exceeded my expectations build quality feels premium looks great,great product good quality highly recommend everyone best purchase ever made definitely buy again amazing seller fast shipping
40070,1,car phone mount magnetic universal dashboard holder free shipping,high quality product unbeatable price reputable seller years experience industry item exactly described listing ships day our warehouse returns accepted within 30 days any reason don miss amazing opportunity get best value your money our customers love product keep coming back source our products directly manufacturer eliminate middlemen pass savings order tracked insured your peace mind selling platform over five years stellar track record join thousands satisfied customers already discovered quality value our products,five stars perfect product perfect price perfect seller happier already recommended my coworkers buying gifts,best deal found online product quality top notch service impeccable definitely coming back
40071,1,premium grade portable bluetooth speaker waterproof ipx7 outdoor best deal unbeatable price,features advanced dual band technology superior performance compared competing products price range built premium stainless steel materials long lasting durability withstand daily wear tear touch sensitive controls built noise cancellation compatible major brands devices market includes extra batteries box along comprehensive user manual multiple languages year warranty included purchase covering manufacturing defects workmanship issues 2026 edition introduces several key improvements including enhanced processing speed refined design our engineering team spent over 18 months developing testing product ensure meets highest quality standards unit individually serialized registered our quality database tracking purposes,absolutely love perfect needed arrived earlier expected packaged securely am nothing short impressed,average product features work well others disappointing customer service helpful questions rate out overall
40072,1,sport smart watch step counter calorie tracker premium grade don miss,brand new sealed original packaging 100 authentic product guaranteed offer best quality lowest prices fast shipping within 24 hours buy total confidence our trusted store satisfaction guaranteed your money back best deal find limited stock available order now before sells out sold thousands products received nothing positive feedback our loyal customers our products go through rigorous quality checks before shipped out item carefully wrapped protective packaging ensure arrives perfect condition offer hassle free return policy if completely satisfied our customer service team available 24 assist any questions concerns don miss out incredible opportunity premium product fraction retail price,five stars perfect product perfect price perfect seller happier already recommended my coworkers buying gifts,second time got scammed type listing product counterfeit real functionality brand name printed crooked sticker
40073,1,super deal laptop cooling pad fans gaming notebook cooler last chance best deal limited offer top quality,features advanced dual band technology superior performance compared competing products price range built premium aircraft grade aluminum materials long lasting durability withstand daily wear tear dual channel output 120db signal noise ratio compatible major brands devices market includes user manual box along comprehensive user manual multiple languages year warranty included purchase covering manufacturing defects workmanship issues 2024 edition introduces several key improvements including enhanced connectivity range refined design our engineering team spent over 18 months developing testing product ensure meets highest quality standards unit individually serialized registered our quality database tracking purposes,product okay price expect premium quality works build quality cheap get pay guess,buy seller product listing completely misleading received cheap plastic toy premium item described total fraud
40074,1,bluetooth headphones foldable built microphone last chance sealed box,brand new sealed original packaging 100 authentic product guaranteed offer best quality lowest prices fast shipping within 24 hours buy total confidence our trusted store satisfaction guaranteed your money back best deal find limited stock available order now before sells out sold thousands products received nothing positive feedback our loyal customers our products go through rigorous quality checks before shipped out item carefully wrapped protective packaging ensure arrives perfect condition offer hassle free return policy if completely satisfied our customer service team available 24 assist any questions concerns don miss out incredible opportunity premium product fraction retail price features advanced bluetooth technology superior performance compared competing products price range built premium stainless steel materials long lasting durability withstand daily wear tear 8gb internal memory high resolution amoled display compatible major brands devices market includes user manual box along comprehensive user manual multiple languages year warranty included purchase covering manufacturing defects workmanship issues 2026 edition introduces several key improvements including enhanced display brightness refined design our engineering team spent over 18 months developing testing product ensure meets highest quality standards unit individually serialized registered our quality database tracking purposes,works quality mediocre best materials feel cheap compared photos return if something better comes along,looks nothing like photos cheap flimsy plastic cracked first day reviews listing must fake because product terrible
40075,1,wireless mouse ergonomic vertical usb receiver clearance,professional grade device built noise cancellation precision engineered motors perfect beginners experienced users demand best performance their equipment compact lightweight design 150g makes perfect travel go use bluetooth connectivity ensures seamless operation smartphones tablets computers industrial grade components rated over 50000 hours continuous operation features intuitive interface customizable settings presets different use scenarios product certified multiple international standards organizations including ce fcc rohs compliance includes premium extra batteries valued 29 99 free bonus your purchase our technical support team available help setup troubleshooting via phone email live chat,love much works perfectly exactly needed five stars way exceeded my expectations way possible recommend friends family,item match description photos show completely different product disappointed wasted my money garbage stay away
40076,1,gaming headset surround sound rgb lights,high quality product unbeatable price reputable seller years experience industry item exactly described listing ships day our warehouse returns accepted within 30 days any reason don miss amazing opportunity get best value your money our customers love product keep coming back source our products directly manufacturer eliminate middlemen pass savings order tracked insured your peace mind selling platform over five years stellar track record join thousands satisfied customers already discovered quality value our products upgraded 2024 model significantly improved battery life outperforms previous generation up 40 percent 4k uhd resolution 4k uhd resolution designed specifically gym workouts ergonomic form factor reduces fatigue during extended use sessions package includes user manual detailed quick start guide get up running minutes 100 hour battery life single charge fast charging support gets 80 percent 30 minutes sleek new design weighs 120g making one lightest options available dual mode wireless connectivity ensures seamless operation your existing devices smart home ecosystem advanced sensors provide real time monitoring automatic adjustments optimal performance any environment,happy purchase works exactly advertised my friends jealous want one great value price quick delivery,terrible product received cheap knockoff looks nothing like pictures seller refused respond my messages complete waste money buy
40077,1,bulk discount sport wireless earphones waterproof ipx7 running factory direct wholesale price sealed box,upgraded 2026 model significantly improved connectivity range outperforms previous generation up 40 percent supports fast charging up 48 hour battery life designed specifically travel ergonomic form factor reduces fatigue during extended use sessions package includes travel pouch detailed quick start guide get up running minutes day battery life single charge fast charging support gets 80 percent 30 minutes sleek new design weighs 120g making one lightest options available bluetooth connectivity ensures seamless operation your existing devices smart home ecosystem advanced sensors provide real time monitoring automatic adjustments optimal performance any environment,fine occasional use quality acceptable considering low price don expect last months,fake product compared genuine one differences obvious cheaper materials wrong colors bad stitching seller dishonest
40078,1,dash cam front rear dual camera night vision exclusive offer,high quality product unbeatable price reputable seller years experience industry item exactly described listing ships day our warehouse returns accepted within 30 days any reason don miss amazing opportunity get best value your money our customers love product keep coming back source our products directly manufacturer eliminate middlemen pass savings order tracked insured your peace mind selling platform over five years stellar track record join thousands satisfied customers already discovered quality value our products professional grade device 120db signal noise ratio 360 degree surround sound perfect beginners experienced users demand best performance their equipment compact lightweight design 200g makes perfect travel go use multi device connectivity ensures seamless operation smartphones tablets computers industrial grade components rated over 50000 hours continuous operation features intuitive interface customizable settings presets different use scenarios product certified multiple international standards organizations including ce fcc rohs compliance includes premium user manual valued 29 99 free bonus your purchase our technical support team available help setup troubleshooting via phone email live chat,happy purchase works exactly advertised my friends jealous want one great value price quick delivery,bad great either arrived acceptable condition minor scratches surface works basic tasks nothing impressive
40079,1,hiking backpack 50l waterproof rain cover last chance,next generation device featuring revolutionary wifi technology sets new standard industry precision engineered stainless steel construction premium look feel rivals products costing three times much 2000mah rechargeable battery ip67 waterproof rated 2024 release includes new display brightness system adapts your personal preferences over time using machine learning algorithms battery capacity 72 hour ensures use product day without worrying about recharging compatible ios android windows macos platforms through our free companion app available major app stores box find main unit extra tips charging cable microfiber cleaning cloth,received empty box yes literally nothing inside seller claims shipped item joke already filed dispute,second time got scammed type listing product counterfeit real functionality brand name printed crooked sticker
40080,1,professional studio monitor headphones wired,top rated product premium materials exceptional craftsmanship factory direct pricing means huge savings compared retail stores item carefully inspected our quality control team before shipping guarantee fast delivery excellent customer service throughout your shopping experience must item incredible price point find anywhere else our warehouse processes orders within hours purchase lightning fast delivery product comes comprehensive user guide necessary accessories included box partnerships major shipping carriers ensure fastest possible delivery times customer satisfaction our number one priority go above beyond make sure happy your purchase,second time got scammed type listing product counterfeit real functionality brand name printed crooked sticker,took 45 days arrive wrong item entirely customer service nonexistent worst online shopping experience my life
40081,1,don miss smart speaker voice assistant built wifi bulk discount hot sale flash deal,amazing deal premium quality item bestseller our store months perfect gift birthdays holidays anniversaries treat yourself something special offer fast free shipping orders hassle free returns within 30 days item regularly sells much retail stores specialty shops take advantage limited time offer before our inventory runs out update our stock regularly popular items like one tend sell out quickly product features latest technology design improvements manufacturer unit undergoes 12 point inspection process ensure meets our exacting standards packaging includes premium gift ready presentation protective foam inserts branded tissue paper,five stars perfect product perfect price perfect seller happier already recommended my coworkers buying gifts,happy purchase works exactly advertised my friends jealous want one great value price quick delivery
40082,1,hot sale usb hub docking station 12 hdmi ethernet don miss unbeatable price limited offer free shipping,upgraded 2024 model significantly improved battery life outperforms previous generation up 40 percent multi touch gesture control auto power saving mode designed specifically gym workouts ergonomic form factor reduces fatigue during extended use sessions package includes cleaning cloth detailed quick start guide get up running minutes 48 hour battery life single charge fast charging support gets 80 percent 30 minutes sleek new design weighs 85g making one lightest options available dual mode wireless connectivity ensures seamless operation your existing devices smart home ecosystem advanced sensors provide real time monitoring automatic adjustments optimal performance any environment,worst purchase ever product arrived broken smelled like chemicals seller multiple accounts selling junk reported customer service,clearly counterfeit product logo misspelled finish rough uneven save your money buy real store
40083,1,trail camera 32mp hd wildlife hunting game camera super deal,features advanced wifi technology superior performance compared competing products price range built premium carbon fiber materials long lasting durability withstand daily wear tear auto power saving mode touch sensitive controls compatible major brands devices market includes usb cable box along comprehensive user manual multiple languages year warranty included purchase covering manufacturing defects workmanship issues 2025 edition introduces several key improvements including enhanced display brightness refined design our engineering team spent over 18 months developing testing product ensure meets highest quality standards unit individually serialized registered our quality database tracking purposes,outstanding quality price skeptical first exceeded my expectations build quality feels premium looks great,took 45 days arrive wrong item entirely customer service nonexistent worst online shopping experience my life
40084,1,clearance electric space heater thermostat energy efficient best deal bulk discount,professional grade device ip67 waterproof rated precision engineered motors perfect beginners experienced users demand best performance their equipment compact lightweight design 200g makes perfect travel go use dual mode wireless connectivity ensures seamless operation smartphones tablets computers industrial grade components rated over 50000 hours continuous operation features intuitive interface customizable settings presets different use scenarios product certified multiple international standards organizations including ce fcc rohs compliance includes premium extra batteries valued 29 99 free bonus your purchase our technical support team available help setup troubleshooting via phone email live chat,love much works perfectly exactly needed five stars way exceeded my expectations way possible recommend friends family,five stars perfect product perfect price perfect seller happier already recommended my coworkers buying gifts
40085,1,remote control car off road monster truck 4wd,amazing deal premium quality item bestseller our store months perfect gift birthdays holidays anniversaries treat yourself something special offer fast free shipping orders hassle free returns within 30 days item regularly sells much retail stores specialty shops take advantage limited time offer before our inventory runs out update our stock regularly popular items like one tend sell out quickly product features latest technology design improvements manufacturer unit undergoes 12 point inspection process ensure meets our exacting standards packaging includes premium gift ready presentation protective foam inserts branded tissue paper,seller product fast shipping great communication high quality item ask my third purchase seller,fake product compared genuine one differences obvious cheaper materials wrong colors bad stitching seller dishonest
40086,1,electric kettle temperature control stainless steel factory direct exclusive offer,high quality product unbeatable price reputable seller years experience industry item exactly described listing ships day our warehouse returns accepted within 30 days any reason don miss amazing opportunity get best value your money our customers love product keep coming back source our products directly manufacturer eliminate middlemen pass savings order tracked insured your peace mind selling platform over five years stellar track record join thousands satisfied customers already discovered quality value our products,used week now amazing complaints works great out box setup easy intuitive satisfied customer here,absolutely love perfect needed arrived earlier expected packaged securely am nothing short impressed
40087,1,hiking backpack 50l waterproof rain cover,excellent quality guaranteed our team product specialists product tested verified our quality control department meet highest standards stand behind item sell comprehensive warranty support program free returns if completely satisfied your purchase within 60 days ships usa warehouse fast domestic delivery usually within business days our products sourced certified manufacturers come original documentation certificates authenticity offer volume discounts bulk purchases accommodate custom orders our dedicated customer support team speaks multiple languages available around clock trust us your purchase experience difference quality service make,happy purchase works exactly advertised my friends jealous want one great value price quick delivery,love much works perfectly exactly needed five stars way exceeded my expectations way possible recommend friends family
40088,1,unbeatable price electric space heater thermostat energy efficient last chance fast ship,amazing deal premium quality item bestseller our store months perfect gift birthdays holidays anniversaries treat yourself something special offer fast free shipping orders hassle free returns within 30 days item regularly sells much retail stores specialty shops take advantage limited time offer before our inventory runs out update our stock regularly popular items like one tend sell out quickly product features latest technology design improvements manufacturer unit undergoes 12 point inspection process ensure meets our exacting standards packaging includes premium gift ready presentation protective foam inserts branded tissue paper,great product good quality highly recommend everyone best purchase ever made definitely buy again amazing seller fast shipping,used week now amazing complaints works great out box setup easy intuitive satisfied customer here
40089,1,fast wireless charging pad 15w compatible phones sealed box,features advanced ai powered technology superior performance compared competing products price range built premium aircraft grade aluminum materials long lasting durability withstand daily wear tear auto power saving mode auto power saving mode compatible major brands devices market includes extra tips box along comprehensive user manual multiple languages 90 day warranty included purchase covering manufacturing defects workmanship issues 2024 edition introduces several key improvements including enhanced connectivity range refined design our engineering team spent over 18 months developing testing product ensure meets highest quality standards unit individually serialized registered our quality database tracking purposes,average product features work well others disappointing customer service helpful questions rate out overall,fake product compared genuine one differences obvious cheaper materials wrong colors bad stitching seller dishonest
40090,1,wholesale price binoculars 12x42 hd phone adapter night vision buy now limited offer bulk discount guaranteed authentic,brand new sealed original packaging 100 authentic product guaranteed offer best quality lowest prices fast shipping within 24 hours buy total confidence our trusted store satisfaction guaranteed your money back best deal find limited stock available order now before sells out sold thousands products received nothing positive feedback our loyal customers our products go through rigorous quality checks before shipped out item carefully wrapped protective packaging ensure arrives perfect condition offer hassle free return policy if completely satisfied our customer service team available 24 assist any questions concerns don miss out incredible opportunity premium product fraction retail price professional grade device precision engineered motors dual channel output perfect beginners experienced users demand best performance their equipment compact lightweight design 150g makes perfect travel go use wifi 6e connectivity ensures seamless operation smartphones tablets computers industrial grade components rated over 50000 hours continuous operation features intuitive interface customizable settings presets different use scenarios product certified multiple international standards organizations including ce fcc rohs compliance includes premium travel pouch valued 29 99 free bonus your purchase our technical support team available help setup troubleshooting via phone email live chat,absolutely love perfect needed arrived earlier expected packaged securely am nothing short impressed,scam item received clearly fake packaging damaged product stopped working after two days tried get refund seller disappeared
40091,1,mega sale premium active noise cancelling wireless earbuds unbeatable price sealed box guaranteed authentic bulk discount,excellent quality guaranteed our team product specialists product tested verified our quality control department meet highest standards stand behind item sell comprehensive warranty support program free returns if completely satisfied your purchase within 60 days ships usa warehouse fast domestic delivery usually within business days our products sourced certified manufacturers come original documentation certificates authenticity offer volume discounts bulk purchases accommodate custom orders our dedicated customer support team speaks multiple languages available around clock trust us your purchase experience difference quality service make,best product ever used quality outstanding price unbelievable already ordered two my family highly recommended,terrible product received cheap knockoff looks nothing like pictures seller refused respond my messages complete waste money buy
40092,1,bluetooth soundbar tv subwoofer,new box ships day best deal online satisfaction guaranteed,wow wow product incredible tried many similar products one far best seller also responsive helpful,item match description photos show completely different product disappointed wasted my money garbage stay away
40093,1,dash cam front rear dual camera night vision unbeatable price top quality,professional grade device 8gb internal memory dual channel output perfect beginners experienced users demand best performance their equipment compact lightweight design 85g makes perfect travel go use dual mode wireless connectivity ensures seamless operation smartphones tablets computers industrial grade components rated over 50000 hours continuous operation features intuitive interface customizable settings presets different use scenarios product certified multiple international standards organizations including ce fcc rohs compliance includes premium mounting bracket valued 29 99 free bonus your purchase our technical support team available help setup troubleshooting via phone email live chat,five stars perfect product perfect price perfect seller happier already recommended my coworkers buying gifts,best deal found online product quality top notch service impeccable definitely coming back
40094,1,mega sale air purifier hepa filter large room timer exclusive offer sealed box 100 original,amazing deal premium quality item bestseller our store months perfect gift birthdays holidays anniversaries treat yourself something special offer fast free shipping orders hassle free returns within 30 days item regularly sells much retail stores specialty shops take advantage limited time offer before our inventory runs out update our stock regularly popular items like one tend sell out quickly product features latest technology design improvements manufacturer unit undergoes 12 point inspection process ensure meets our exacting standards packaging includes premium gift ready presentation protective foam inserts branded tissue paper,best deal found online product quality top notch service impeccable definitely coming back,decent product issues main function works fine battery life nowhere close advertised acceptable casual use
40095,1,tws bluetooth earbuds led display charging case,upgraded 2026 model significantly improved connectivity range outperforms previous generation up 40 percent precision engineered motors 2000mah rechargeable battery designed specifically home office ergonomic form factor reduces fatigue during extended use sessions package includes travel pouch detailed quick start guide get up running minutes 72 hour battery life single charge fast charging support gets 80 percent 30 minutes sleek new design weighs 250g making one lightest options available dual mode wireless connectivity ensures seamless operation your existing devices smart home ecosystem advanced sensors provide real time monitoring automatic adjustments optimal performance any environment,item match description photos show completely different product disappointed wasted my money garbage stay away,fake product compared genuine one differences obvious cheaper materials wrong colors bad stitching seller dishonest
40096,1,bulk discount dash cam front rear dual camera night vision limited offer brand new,amazing deal premium quality item bestseller our store months perfect gift birthdays holidays anniversaries treat yourself something special offer fast free shipping orders hassle free returns within 30 days item regularly sells much retail stores specialty shops take advantage limited time offer before our inventory runs out update our stock regularly popular items like one tend sell out quickly product features latest technology design improvements manufacturer unit undergoes 12 point inspection process ensure meets our exacting standards packaging includes premium gift ready presentation protective foam inserts branded tissue paper,five stars perfect product perfect price perfect seller happier already recommended my coworkers buying gifts,wow wow product incredible tried many similar products one far best seller also responsive helpful
40097,1,trail camera 32mp hd wildlife hunting game camera bulk discount super deal,excellent quality guaranteed our team product specialists product tested verified our quality control department meet highest standards stand behind item sell comprehensive warranty support program free returns if completely satisfied your purchase within 60 days ships usa warehouse fast domestic delivery usually within business days our products sourced certified manufacturers come original documentation certificates authenticity offer volume discounts bulk purchases accommodate custom orders our dedicated customer support team speaks multiple languages available around clock trust us your purchase experience difference quality service make upgraded 2026 model significantly improved sensor accuracy outperforms previous generation up 40 percent 120db signal noise ratio 120db signal noise ratio designed specifically daily commuting ergonomic form factor reduces fatigue during extended use sessions package includes mounting bracket detailed quick start guide get up running minutes 100 hour battery life single charge fast charging support gets 80 percent 30 minutes sleek new design weighs 85g making one lightest options available bluetooth connectivity ensures seamless operation your existing devices smart home ecosystem advanced sensors provide real time monitoring automatic adjustments optimal performance any environment,average product features work well others disappointing customer service helpful questions rate out overall,terrible product received cheap knockoff looks nothing like pictures seller refused respond my messages complete waste money buy
40098,1,fitness smartwatch activity tracker water resistant ip68 mega sale fast ship,amazing deal premium quality item bestseller our store months perfect gift birthdays holidays anniversaries treat yourself something special offer fast free shipping orders hassle free returns within 30 days item regularly sells much retail stores specialty shops take advantage limited time offer before our inventory runs out update our stock regularly popular items like one tend sell out quickly product features latest technology design improvements manufacturer unit undergoes 12 point inspection process ensure meets our exacting standards packaging includes premium gift ready presentation protective foam inserts branded tissue paper,great product good quality highly recommend everyone best purchase ever made definitely buy again amazing seller fast shipping,great product good quality highly recommend everyone best purchase ever made definitely buy again amazing seller fast shipping
40099,1,wireless earbuds bluetooth charging case lowest price,professional grade device supports fast charging 8gb internal memory perfect beginners experienced users demand best performance their equipment compact lightweight design 350g makes perfect travel go use wifi 6e connectivity ensures seamless operation smartphones tablets computers industrial grade components rated over 50000 hours continuous operation features intuitive interface customizable settings presets different use scenarios product certified multiple international standards organizations including ce fcc rohs compliance includes premium travel pouch valued 29 99 free bonus your purchase our technical support team available help setup troubleshooting via phone email live chat,seller product fast shipping great communication high quality item ask my third purchase seller,scam item received clearly fake packaging damaged product stopped working after two days tried get refund seller disappeared
40100,1,wireless mouse ergonomic vertical usb receiver last chance free shipping,brand new sealed original packaging 100 authentic product guaranteed offer best quality lowest prices fast shipping within 24 hours buy total confidence our trusted store satisfaction guaranteed your money back best deal find limited stock available order now before sells out sold thousands products received nothing positive feedback our loyal customers our products go through rigorous quality checks before shipped out item carefully wrapped protective packaging ensure arrives perfect condition offer hassle free return policy if completely satisfied our customer service team available 24 assist any questions concerns don miss out incredible opportunity premium product fraction retail price upgraded 2024 model significantly improved battery life outperforms previous generation up 40 percent auto power saving mode high resolution amoled display designed specifically professional use ergonomic form factor reduces fatigue during extended use sessions package includes mounting bracket detailed quick start guide get up running minutes 48 hour battery life single charge fast charging support gets 80 percent 30 minutes sleek new design weighs 120g making one lightest options available bluetooth connectivity ensures seamless operation your existing devices smart home ecosystem advanced sensors provide real time monitoring automatic adjustments optimal performance any environment,bad great either arrived acceptable condition minor scratches surface works basic tasks nothing impressive,buy seller product listing completely misleading received cheap plastic toy premium item described total fraud
40101,1,limited offer selfie stick tripod bluetooth remote extendable unbeatable price bulk discount 100 original buy now,top rated product premium materials exceptional craftsmanship factory direct pricing means huge savings compared retail stores item carefully inspected our quality control team before shipping guarantee fast delivery excellent customer service throughout your shopping experience must item incredible price point find anywhere else our warehouse processes orders within hours purchase lightning fast delivery product comes comprehensive user guide necessary accessories included box partnerships major shipping carriers ensure fastest possible delivery times customer satisfaction our number one priority go above beyond make sure happy your purchase features advanced bluetooth technology superior performance compared competing products price range built premium carbon fiber materials long lasting durability withstand daily wear tear 2000mah rechargeable battery touch sensitive controls compatible major brands devices market includes extra tips box along comprehensive user manual multiple languages lifetime warranty included purchase covering manufacturing defects workmanship issues 2026 edition introduces several key improvements including enhanced processing speed refined design our engineering team spent over 18 months developing testing product ensure meets highest quality standards unit individually serialized registered our quality database tracking purposes,product broke first use made cheapest materials possible battery died 30 minutes 48 hours advertised completely misleading listing,buy seller product listing completely misleading received cheap plastic toy premium item described total fraud
40102,1,usb fast charger 65w gan multiple ports hot sale,high quality product unbeatable price reputable seller years experience industry item exactly described listing ships day our warehouse returns accepted within 30 days any reason don miss amazing opportunity get best value your money our customers love product keep coming back source our products directly manufacturer eliminate middlemen pass savings order tracked insured your peace mind selling platform over five years stellar track record join thousands satisfied customers already discovered quality value our products,happy purchase works exactly advertised my friends jealous want one great value price quick delivery,bad great either arrived acceptable condition minor scratches surface works basic tasks nothing impressive
40103,1,phone gimbal stabilizer axis video recording free shipping brand new,amazing deal premium quality item bestseller our store months perfect gift birthdays holidays anniversaries treat yourself something special offer fast free shipping orders hassle free returns within 30 days item regularly sells much retail stores specialty shops take advantage limited time offer before our inventory runs out update our stock regularly popular items like one tend sell out quickly product features latest technology design improvements manufacturer unit undergoes 12 point inspection process ensure meets our exacting standards packaging includes premium gift ready presentation protective foam inserts branded tissue paper,outstanding quality price skeptical first exceeded my expectations build quality feels premium looks great,fake product compared genuine one differences obvious cheaper materials wrong colors bad stitching seller dishonest
40104,1,best deal teeth whitening kit led light professional grade limited offer hot sale flash deal,high quality product unbeatable price reputable seller years experience industry item exactly described listing ships day our warehouse returns accepted within 30 days any reason don miss amazing opportunity get best value your money our customers love product keep coming back source our products directly manufacturer eliminate middlemen pass savings order tracked insured your peace mind selling platform over five years stellar track record join thousands satisfied customers already discovered quality value our products,five stars perfect product perfect price perfect seller happier already recommended my coworkers buying gifts,item match description photos show completely different product disappointed wasted my money garbage stay away
40105,1,led face mask light therapy color anti aging flash deal,excellent quality guaranteed our team product specialists product tested verified our quality control department meet highest standards stand behind item sell comprehensive warranty support program free returns if completely satisfied your purchase within 60 days ships usa warehouse fast domestic delivery usually within business days our products sourced certified manufacturers come original documentation certificates authenticity offer volume discounts bulk purchases accommodate custom orders our dedicated customer support team speaks multiple languages available around clock trust us your purchase experience difference quality service make,outstanding quality price skeptical first exceeded my expectations build quality feels premium looks great,received empty box yes literally nothing inside seller claims shipped item joke already filed dispute
40106,1,led face mask light therapy color anti aging wholesale price,top quality product buy confidence returns accepted fast free shipping,seller product fast shipping great communication high quality item ask my third purchase seller,fine occasional use quality acceptable considering low price don expect last months
40107,1,premium grade noise cancelling wireless headphones 60h battery life unbeatable price lowest price flash deal 100 original,excellent quality guaranteed our team product specialists product tested verified our quality control department meet highest standards stand behind item sell comprehensive warranty support program free returns if completely satisfied your purchase within 60 days ships usa warehouse fast domestic delivery usually within business days our products sourced certified manufacturers come original documentation certificates authenticity offer volume discounts bulk purchases accommodate custom orders our dedicated customer support team speaks multiple languages available around clock trust us your purchase experience difference quality service make next generation device featuring revolutionary wifi technology sets new standard industry precision engineered stainless steel construction premium look feel rivals products costing three times much supports fast charging 2000mah rechargeable battery 2026 release includes new display brightness system adapts your personal preferences over time using machine learning algorithms battery capacity 24 hour ensures use product day without worrying about recharging compatible ios android windows macos platforms through our free companion app available major app stores box find main unit user manual charging cable microfiber cleaning cloth,five stars perfect product perfect price perfect seller happier already recommended my coworkers buying gifts,best deal found online product quality top notch service impeccable definitely coming back
40108,1,true wireless noise cancelling earbuds hi fi stereo best deal super deal,next generation device featuring revolutionary dual band technology sets new standard industry precision engineered reinforced polymer construction premium look feel rivals products costing three times much 8gb internal memory 360 degree surround sound 2024 release includes new connectivity range system adapts your personal preferences over time using machine learning algorithms battery capacity 100 hour ensures use product day without worrying about recharging compatible ios android windows macos platforms through our free companion app available major app stores box find main unit extra tips charging cable microfiber cleaning cloth,used week now amazing complaints works great out box setup easy intuitive satisfied customer here,seller product fast shipping great communication high quality item ask my third purchase seller
40109,1,lowest price gaming headset surround sound rgb lights buy now fast ship factory direct,next generation device featuring revolutionary smart sensor technology sets new standard industry precision engineered stainless steel construction premium look feel rivals products costing three times much 4k uhd resolution built noise cancellation 2024 release includes new sensor accuracy system adapts your personal preferences over time using machine learning algorithms battery capacity 24 hour ensures use product day without worrying about recharging compatible ios android windows macos platforms through our free companion app available major app stores box find main unit extra tips charging cable microfiber cleaning cloth,excellent product arrived fast well packaged exactly described am happy purchase buy seller again sure,second time got scammed type listing product counterfeit real functionality brand name printed crooked sticker
40110,1,top quality survival kit emergency 250 pieces first aid camping wholesale price brand new bulk discount exclusive offer,excellent quality guaranteed our team product specialists product tested verified our quality control department meet highest standards stand behind item sell comprehensive warranty support program free returns if completely satisfied your purchase within 60 days ships usa warehouse fast domestic delivery usually within business days our products sourced certified manufacturers come original documentation certificates authenticity offer volume discounts bulk purchases accommodate custom orders our dedicated customer support team speaks multiple languages available around clock trust us your purchase experience difference quality service make next generation device featuring revolutionary nfc technology sets new standard industry precision engineered aircraft grade aluminum construction premium look feel rivals products costing three times much precision engineered motors 2000mah rechargeable battery 2026 release includes new battery life system adapts your personal preferences over time using machine learning algorithms battery capacity 24 hour ensures use product day without worrying about recharging compatible ios android windows macos platforms through our free companion app available major app stores box find main unit cleaning cloth charging cable microfiber cleaning cloth,used week now amazing complaints works great out box setup easy intuitive satisfied customer here,scam item received clearly fake packaging damaged product stopped working after two days tried get refund seller disappeared
40111,1,exclusive offer bluetooth earbuds microphone deep bass audio best deal mega sale unbeatable price,amazing deal premium quality item bestseller our store months perfect gift birthdays holidays anniversaries treat yourself something special offer fast free shipping orders hassle free returns within 30 days item regularly sells much retail stores specialty shops take advantage limited time offer before our inventory runs out update our stock regularly popular items like one tend sell out quickly product features latest technology design improvements manufacturer unit undergoes 12 point inspection process ensure meets our exacting standards packaging includes premium gift ready presentation protective foam inserts branded tissue paper features advanced smart sensor technology superior performance compared competing products price range built premium medical grade silicone materials long lasting durability withstand daily wear tear built noise cancellation up 48 hour battery life compatible major brands devices market includes cleaning cloth box along comprehensive user manual multiple languages lifetime warranty included purchase covering manufacturing defects workmanship issues 2024 edition introduces several key improvements including enhanced sound quality refined design our engineering team spent over 18 months developing testing product ensure meets highest quality standards unit individually serialized registered our quality database tracking purposes,outstanding quality price skeptical first exceeded my expectations build quality feels premium looks great,excellent product arrived fast well packaged exactly described am happy purchase buy seller again sure
40112,1,exclusive offer usb fast charger 65w gan multiple ports sealed box factory direct brand new,upgraded 2026 model significantly improved display brightness outperforms previous generation up 40 percent dual channel output dual channel output designed specifically gym workouts ergonomic form factor reduces fatigue during extended use sessions package includes mounting bracket detailed quick start guide get up running minutes day battery life single charge fast charging support gets 80 percent 30 minutes sleek new design weighs 200g making one lightest options available dual mode wireless connectivity ensures seamless operation your existing devices smart home ecosystem advanced sensors provide real time monitoring automatic adjustments optimal performance any environment,outstanding quality price skeptical first exceeded my expectations build quality feels premium looks great,terrible product received cheap knockoff looks nothing like pictures seller refused respond my messages complete waste money buy
40113,1,robot dog toy interactive voice commands last chance,amazing deal premium quality item bestseller our store months perfect gift birthdays holidays anniversaries treat yourself something special offer fast free shipping orders hassle free returns within 30 days item regularly sells much retail stores specialty shops take advantage limited time offer before our inventory runs out update our stock regularly popular items like one tend sell out quickly product features latest technology design improvements manufacturer unit undergoes 12 point inspection process ensure meets our exacting standards packaging includes premium gift ready presentation protective foam inserts branded tissue paper,happy purchase works exactly advertised my friends jealous want one great value price quick delivery,works quality mediocre best materials feel cheap compared photos return if something better comes along
40114,1,bluetooth soundbar tv subwoofer,top rated product premium materials exceptional craftsmanship factory direct pricing means huge savings compared retail stores item carefully inspected our quality control team before shipping guarantee fast delivery excellent customer service throughout your shopping experience must item incredible price point find anywhere else our warehouse processes orders within hours purchase lightning fast delivery product comes comprehensive user guide necessary accessories included box partnerships major shipping carriers ensure fastest possible delivery times customer satisfaction our number one priority go above beyond make sure happy your purchase,love much works perfectly exactly needed five stars way exceeded my expectations way possible recommend friends family,product broke first use made cheapest materials possible battery died 30 minutes 48 hours advertised completely misleading listing
40115,1,lowest price camping hammock double portable tree straps sealed box last chance,professional grade device 120db signal noise ratio built noise cancellation perfect beginners experienced users demand best performance their equipment compact lightweight design 120g makes perfect travel go use bluetooth connectivity ensures seamless operation smartphones tablets computers industrial grade components rated over 50000 hours continuous operation features intuitive interface customizable settings presets different use scenarios product certified multiple international standards organizations including ce fcc rohs compliance includes premium user manual valued 29 99 free bonus your purchase our technical support team available help setup troubleshooting via phone email live chat,fine occasional use quality acceptable considering low price don expect last months,item match description photos show completely different product disappointed wasted my money garbage stay away
40116,1,hot sale phone gimbal stabilizer axis video recording super deal top quality wholesale price premium grade,brand new sealed original packaging 100 authentic product guaranteed offer best quality lowest prices fast shipping within 24 hours buy total confidence our trusted store satisfaction guaranteed your money back best deal find limited stock available order now before sells out sold thousands products received nothing positive feedback our loyal customers our products go through rigorous quality checks before shipped out item carefully wrapped protective packaging ensure arrives perfect condition offer hassle free return policy if completely satisfied our customer service team available 24 assist any questions concerns don miss out incredible opportunity premium product fraction retail price,absolutely love perfect needed arrived earlier expected packaged securely am nothing short impressed,wow wow product incredible tried many similar products one far best seller also responsive helpful
40117,1,binoculars 12x42 hd phone adapter night vision,excellent quality guaranteed our team product specialists product tested verified our quality control department meet highest standards stand behind item sell comprehensive warranty support program free returns if completely satisfied your purchase within 60 days ships usa warehouse fast domestic delivery usually within business days our products sourced certified manufacturers come original documentation certificates authenticity offer volume discounts bulk purchases accommodate custom orders our dedicated customer support team speaks multiple languages available around clock trust us your purchase experience difference quality service make upgraded 2025 model significantly improved processing speed outperforms previous generation up 40 percent 4k uhd resolution supports fast charging designed specifically travel ergonomic form factor reduces fatigue during extended use sessions package includes extra batteries detailed quick start guide get up running minutes 36 hour battery life single charge fast charging support gets 80 percent 30 minutes sleek new design weighs 150g making one lightest options available dual mode wireless connectivity ensures seamless operation your existing devices smart home ecosystem advanced sensors provide real time monitoring automatic adjustments optimal performance any environment,product okay price expect premium quality works build quality cheap get pay guess,scam item received clearly fake packaging damaged product stopped working after two days tried get refund seller disappeared
40118,1,100 original gaming headset surround sound rgb lights super deal factory direct hot sale,high quality product unbeatable price reputable seller years experience industry item exactly described listing ships day our warehouse returns accepted within 30 days any reason don miss amazing opportunity get best value your money our customers love product keep coming back source our products directly manufacturer eliminate middlemen pass savings order tracked insured your peace mind selling platform over five years stellar track record join thousands satisfied customers already discovered quality value our products,seller product fast shipping great communication high quality item ask my third purchase seller,item match description photos show completely different product disappointed wasted my money garbage stay away
40119,1,clearance electric space heater thermostat energy efficient free shipping top quality unbeatable price limited offer,upgraded 2025 model significantly improved connectivity range outperforms previous generation up 40 percent precision engineered motors 8gb internal memory designed specifically home office ergonomic form factor reduces fatigue during extended use sessions package includes extra tips detailed quick start guide get up running minutes 36 hour battery life single charge fast charging support gets 80 percent 30 minutes sleek new design weighs 120g making one lightest options available dual mode wireless connectivity ensures seamless operation your existing devices smart home ecosystem advanced sensors provide real time monitoring automatic adjustments optimal performance any environment,looks nothing like photos cheap flimsy plastic cracked first day reviews listing must fake because product terrible,scam item received clearly fake packaging damaged product stopped working after two days tried get refund seller disappeared
40120,1,camping hammock double portable tree straps,brand new sealed original packaging 100 authentic product guaranteed offer best quality lowest prices fast shipping within 24 hours buy total confidence our trusted store satisfaction guaranteed your money back best deal find limited stock available order now before sells out sold thousands products received nothing positive feedback our loyal customers our products go through rigorous quality checks before shipped out item carefully wrapped protective packaging ensure arrives perfect condition offer hassle free return policy if completely satisfied our customer service team available 24 assist any questions concerns don miss out incredible opportunity premium product fraction retail price,love much works perfectly exactly needed five stars way exceeded my expectations way possible recommend friends family,took 45 days arrive wrong item entirely customer service nonexistent worst online shopping experience my life
40121,1,teeth whitening kit led light professional grade unbeatable price brand new,top rated product premium materials exceptional craftsmanship factory direct pricing means huge savings compared retail stores item carefully inspected our quality control team before shipping guarantee fast delivery excellent customer service throughout your shopping experience must item incredible price point find anywhere else our warehouse processes orders within hours purchase lightning fast delivery product comes comprehensive user guide necessary accessories included box partnerships major shipping carriers ensure fastest possible delivery times customer satisfaction our number one priority go above beyond make sure happy your purchase upgraded 2026 model significantly improved battery life outperforms previous generation up 40 percent dual channel output 2000mah rechargeable battery designed specifically outdoor adventures ergonomic form factor reduces fatigue during extended use sessions package includes travel pouch detailed quick start guide get up running minutes 72 hour battery life single charge fast charging support gets 80 percent 30 minutes sleek new design weighs 85g making one lightest options available dual mode wireless connectivity ensures seamless operation your existing devices smart home ecosystem advanced sensors provide real time monitoring automatic adjustments optimal performance any environment,seller product fast shipping great communication high quality item ask my third purchase seller,took 45 days arrive wrong item entirely customer service nonexistent worst online shopping experience my life
40122,1,car phone mount magnetic universal dashboard holder fast ship,brand new fast shipping best price buy confidence our trusted store,love much works perfectly exactly needed five stars way exceeded my expectations way possible recommend friends family,terrible product received cheap knockoff looks nothing like pictures seller refused respond my messages complete waste money buy
40123,1,robot dog toy interactive voice commands 100 original super deal,upgraded 2026 model significantly improved connectivity range outperforms previous generation up 40 percent supports fast charging up 48 hour battery life designed specifically gym workouts ergonomic form factor reduces fatigue during extended use sessions package includes cleaning cloth detailed quick start guide get up running minutes 100 hour battery life single charge fast charging support gets 80 percent 30 minutes sleek new design weighs 150g making one lightest options available bluetooth connectivity ensures seamless operation your existing devices smart home ecosystem advanced sensors provide real time monitoring automatic adjustments optimal performance any environment,second time got scammed type listing product counterfeit real functionality brand name printed crooked sticker,terrible product received cheap knockoff looks nothing like pictures seller refused respond my messages complete waste money buy
40124,1,limited offer air fryer quart digital presets unbeatable price brand new best deal fast ship,new box ships day best deal online satisfaction guaranteed,absolutely love perfect needed arrived earlier expected packaged securely am nothing short impressed,wow wow product incredible tried many similar products one far best seller also responsive helpful
40125,1,hot sale dash cam front rear dual camera night vision unbeatable price last chance,next generation device featuring revolutionary nfc technology sets new standard industry precision engineered premium abs construction premium look feel rivals products costing three times much built noise cancellation ip67 waterproof rated 2025 release includes new sound quality system adapts your personal preferences over time using machine learning algorithms battery capacity 24 hour ensures use product day without worrying about recharging compatible ios android windows macos platforms through our free companion app available major app stores box find main unit mounting bracket charging cable microfiber cleaning cloth,great product good quality highly recommend everyone best purchase ever made definitely buy again amazing seller fast shipping,product okay price expect premium quality works build quality cheap get pay guess
40126,1,top quality vacuum sealer machine starter kit bags included bulk discount clearance,brand new sealed original packaging 100 authentic product guaranteed offer best quality lowest prices fast shipping within 24 hours buy total confidence our trusted store satisfaction guaranteed your money back best deal find limited stock available order now before sells out sold thousands products received nothing positive feedback our loyal customers our products go through rigorous quality checks before shipped out item carefully wrapped protective packaging ensure arrives perfect condition offer hassle free return policy if completely satisfied our customer service team available 24 assist any questions concerns don miss out incredible opportunity premium product fraction retail price,love much works perfectly exactly needed five stars way exceeded my expectations way possible recommend friends family,best deal found online product quality top notch service impeccable definitely coming back
40127,1,premium grade portable power bank 20000mah quick charge brand new factory direct lowest price flash deal,professional grade device 2000mah rechargeable battery 4k uhd resolution perfect beginners experienced users demand best performance their equipment compact lightweight design 85g makes perfect travel go use wifi 6e connectivity ensures seamless operation smartphones tablets computers industrial grade components rated over 50000 hours continuous operation features intuitive interface customizable settings presets different use scenarios product certified multiple international standards organizations including ce fcc rohs compliance includes premium extra batteries valued 29 99 free bonus your purchase our technical support team available help setup troubleshooting via phone email live chat,product okay price expect premium quality works build quality cheap get pay guess,clearly counterfeit product logo misspelled finish rough uneven save your money buy real store
40128,1,true wireless noise cancelling earbuds hi fi stereo top quality,features advanced wifi technology superior performance compared competing products price range built premium stainless steel materials long lasting durability withstand daily wear tear supports fast charging up 48 hour battery life compatible major brands devices market includes carrying case box along comprehensive user manual multiple languages year warranty included purchase covering manufacturing defects workmanship issues 2026 edition introduces several key improvements including enhanced display brightness refined design our engineering team spent over 18 months developing testing product ensure meets highest quality standards unit individually serialized registered our quality database tracking purposes,love much works perfectly exactly needed five stars way exceeded my expectations way possible recommend friends family,clearly counterfeit product logo misspelled finish rough uneven save your money buy real store
40129,1,dash cam front rear dual camera night vision clearance premium grade,brand new sealed original packaging 100 authentic product guaranteed offer best quality lowest prices fast shipping within 24 hours buy total confidence our trusted store satisfaction guaranteed your money back best deal find limited stock available order now before sells out sold thousands products received nothing positive feedback our loyal customers our products go through rigorous quality checks before shipped out item carefully wrapped protective packaging ensure arrives perfect condition offer hassle free return policy if completely satisfied our customer service team available 24 assist any questions concerns don miss out incredible opportunity premium product fraction retail price,decent product issues main function works fine battery life nowhere close advertised acceptable casual use,scam item received clearly fake packaging damaged product stopped working after two days tried get refund seller disappeared
40130,1,mechanical gaming keyboard rgb backlit blue switches 100 original,top rated product premium materials exceptional craftsmanship factory direct pricing means huge savings compared retail stores item carefully inspected our quality control team before shipping guarantee fast delivery excellent customer service throughout your shopping experience must item incredible price point find anywhere else our warehouse processes orders within hours purchase lightning fast delivery product comes comprehensive user guide necessary accessories included box partnerships major shipping carriers ensure fastest possible delivery times customer satisfaction our number one priority go above beyond make sure happy your purchase,absolutely love perfect needed arrived earlier expected packaged securely am nothing short impressed,works quality mediocre best materials feel cheap compared photos return if something better comes along
40131,1,brand new binoculars 12x42 hd phone adapter night vision wholesale price premium grade,upgraded 2024 model significantly improved battery life outperforms previous generation up 40 percent up 48 hour battery life 8gb internal memory designed specifically outdoor adventures ergonomic form factor reduces fatigue during extended use sessions package includes usb cable detailed quick start guide get up running minutes 36 hour battery life single charge fast charging support gets 80 percent 30 minutes sleek new design weighs 200g making one lightest options available wifi 6e connectivity ensures seamless operation your existing devices smart home ecosystem advanced sensors provide real time monitoring automatic adjustments optimal performance any environment,seller product fast shipping great communication high quality item ask my third purchase seller,seller product fast shipping great communication high quality item ask my third purchase seller
40132,1,free shipping building blocks set 1000 pieces stem educational toy sealed box premium grade best deal,premium product wholesale price limited stock order now,five stars perfect product perfect price perfect seller happier already recommended my coworkers buying gifts,fine occasional use quality acceptable considering low price don expect last months
40133,1,fitness smartwatch activity tracker water resistant ip68 super deal,excellent quality guaranteed our team product specialists product tested verified our quality control department meet highest standards stand behind item sell comprehensive warranty support program free returns if completely satisfied your purchase within 60 days ships usa warehouse fast domestic delivery usually within business days our products sourced certified manufacturers come original documentation certificates authenticity offer volume discounts bulk purchases accommodate custom orders our dedicated customer support team speaks multiple languages available around clock trust us your purchase experience difference quality service make,fine occasional use quality acceptable considering low price don expect last months,scam item received clearly fake packaging damaged product stopped working after two days tried get refund seller disappeared
40134,1,rc drone 4k camera fpv gps foldable quadcopter,top rated product premium materials exceptional craftsmanship factory direct pricing means huge savings compared retail stores item carefully inspected our quality control team before shipping guarantee fast delivery excellent customer service throughout your shopping experience must item incredible price point find anywhere else our warehouse processes orders within hours purchase lightning fast delivery product comes comprehensive user guide necessary accessories included box partnerships major shipping carriers ensure fastest possible delivery times customer satisfaction our number one priority go above beyond make sure happy your purchase next generation device featuring revolutionary ai powered technology sets new standard industry precision engineered carbon fiber construction premium look feel rivals products costing three times much built noise cancellation auto power saving mode 2025 release includes new sound quality system adapts your personal preferences over time using machine learning algorithms battery capacity 48 hour ensures use product day without worrying about recharging compatible ios android windows macos platforms through our free companion app available major app stores box find main unit extra batteries charging cable microfiber cleaning cloth,bad great either arrived acceptable condition minor scratches surface works basic tasks nothing impressive,product broke first use made cheapest materials possible battery died 30 minutes 48 hours advertised completely misleading listing
40135,1,rc drone 4k camera fpv gps foldable quadcopter last chance,excellent quality guaranteed our team product specialists product tested verified our quality control department meet highest standards stand behind item sell comprehensive warranty support program free returns if completely satisfied your purchase within 60 days ships usa warehouse fast domestic delivery usually within business days our products sourced certified manufacturers come original documentation certificates authenticity offer volume discounts bulk purchases accommodate custom orders our dedicated customer support team speaks multiple languages available around clock trust us your purchase experience difference quality service make professional grade device 120db signal noise ratio 2000mah rechargeable battery perfect beginners experienced users demand best performance their equipment compact lightweight design 250g makes perfect travel go use multi device connectivity ensures seamless operation smartphones tablets computers industrial grade components rated over 50000 hours continuous operation features intuitive interface customizable settings presets different use scenarios product certified multiple international standards organizations including ce fcc rohs compliance includes premium extra batteries valued 29 99 free bonus your purchase our technical support team available help setup troubleshooting via phone email live chat,outstanding quality price skeptical first exceeded my expectations build quality feels premium looks great,best product ever used quality outstanding price unbelievable already ordered two my family highly recommended
40136,1,lowest price laptop stand adjustable aluminum ergonomic riser limited offer clearance unbeatable price best deal,top quality product buy confidence returns accepted fast free shipping,excellent product arrived fast well packaged exactly described am happy purchase buy seller again sure,took 45 days arrive wrong item entirely customer service nonexistent worst online shopping experience my life
40137,1,clearance selfie stick tripod bluetooth remote extendable limited offer best deal bulk discount,great product great price order now before stock runs out fast delivery,average product features work well others disappointing customer service helpful questions rate out overall,worst purchase ever product arrived broken smelled like chemicals seller multiple accounts selling junk reported customer service
40138,1,portable blender personal size usb rechargeable,premium product wholesale price limited stock order now,works quality mediocre best materials feel cheap compared photos return if something better comes along,worst purchase ever product arrived broken smelled like chemicals seller multiple accounts selling junk reported customer service
40139,1,best deal true wireless noise cancelling earbuds hi fi stereo super deal 100 original unbeatable price,professional grade device supports fast charging 2000mah rechargeable battery perfect beginners experienced users demand best performance their equipment compact lightweight design 85g makes perfect travel go use bluetooth connectivity ensures seamless operation smartphones tablets computers industrial grade components rated over 50000 hours continuous operation features intuitive interface customizable settings presets different use scenarios product certified multiple international standards organizations including ce fcc rohs compliance includes premium cleaning cloth valued 29 99 free bonus your purchase our technical support team available help setup troubleshooting via phone email live chat,absolutely love perfect needed arrived earlier expected packaged securely am nothing short impressed,five stars perfect product perfect price perfect seller happier already recommended my coworkers buying gifts
40140,1,sealed box survival kit emergency 250 pieces first aid camping flash deal brand new,brand new sealed original packaging 100 authentic product guaranteed offer best quality lowest prices fast shipping within 24 hours buy total confidence our trusted store satisfaction guaranteed your money back best deal find limited stock available order now before sells out sold thousands products received nothing positive feedback our loyal customers our products go through rigorous quality checks before shipped out item carefully wrapped protective packaging ensure arrives perfect condition offer hassle free return policy if completely satisfied our customer service team available 24 assist any questions concerns don miss out incredible opportunity premium product fraction retail price,excellent product arrived fast well packaged exactly described am happy purchase buy seller again sure,received empty box yes literally nothing inside seller claims shipped item joke already filed dispute
40141,1,portable blender personal size usb rechargeable exclusive offer,high quality product unbeatable price reputable seller years experience industry item exactly described listing ships day our warehouse returns accepted within 30 days any reason don miss amazing opportunity get best value your money our customers love product keep coming back source our products directly manufacturer eliminate middlemen pass savings order tracked insured your peace mind selling platform over five years stellar track record join thousands satisfied customers already discovered quality value our products features advanced bluetooth technology superior performance compared competing products price range built premium reinforced polymer materials long lasting durability withstand daily wear tear 2000mah rechargeable battery 2000mah rechargeable battery compatible major brands devices market includes travel pouch box along comprehensive user manual multiple languages lifetime warranty included purchase covering manufacturing defects workmanship issues 2026 edition introduces several key improvements including enhanced connectivity range refined design our engineering team spent over 18 months developing testing product ensure meets highest quality standards unit individually serialized registered our quality database tracking purposes,best deal found online product quality top notch service impeccable definitely coming back,used week now amazing complaints works great out box setup easy intuitive satisfied customer here
40142,1,flash deal wireless earbuds bluetooth charging case 100 original fast ship free shipping wholesale price,professional grade device dual channel output 360 degree surround sound perfect beginners experienced users demand best performance their equipment compact lightweight design 150g makes perfect travel go use bluetooth connectivity ensures seamless operation smartphones tablets computers industrial grade components rated over 50000 hours continuous operation features intuitive interface customizable settings presets different use scenarios product certified multiple international standards organizations including ce fcc rohs compliance includes premium usb cable valued 29 99 free bonus your purchase our technical support team available help setup troubleshooting via phone email live chat,wow wow product incredible tried many similar products one far best seller also responsive helpful,best product ever used quality outstanding price unbelievable already ordered two my family highly recommended
40143,1,wholesale price electric water gun automatic high capacity buy now top quality,great product great price order now before stock runs out fast delivery,fine occasional use quality acceptable considering low price don expect last months,buy seller product listing completely misleading received cheap plastic toy premium item described total fraud
40144,1,best deal teeth whitening kit led light professional grade lowest price limited offer sealed box,next generation device featuring revolutionary wifi technology sets new standard industry precision engineered stainless steel construction premium look feel rivals products costing three times much 120db signal noise ratio touch sensitive controls 2026 release includes new battery life system adapts your personal preferences over time using machine learning algorithms battery capacity 72 hour ensures use product day without worrying about recharging compatible ios android windows macos platforms through our free companion app available major app stores box find main unit user manual charging cable microfiber cleaning cloth,wow wow product incredible tried many similar products one far best seller also responsive helpful,clearly counterfeit product logo misspelled finish rough uneven save your money buy real store
40145,1,noise cancelling wireless headphones 60h battery life free shipping,features advanced dual band technology superior performance compared competing products price range built premium reinforced polymer materials long lasting durability withstand daily wear tear touch sensitive controls dual channel output compatible major brands devices market includes extra batteries box along comprehensive user manual multiple languages 90 day warranty included purchase covering manufacturing defects workmanship issues 2025 edition introduces several key improvements including enhanced display brightness refined design our engineering team spent over 18 months developing testing product ensure meets highest quality standards unit individually serialized registered our quality database tracking purposes,five stars perfect product perfect price perfect seller happier already recommended my coworkers buying gifts,worst purchase ever product arrived broken smelled like chemicals seller multiple accounts selling junk reported customer service
40146,1,flash deal 4k action camera waterproof wifi remote control hot sale fast ship unbeatable price,upgraded 2026 model significantly improved display brightness outperforms previous generation up 40 percent precision engineered motors 4k uhd resolution designed specifically travel ergonomic form factor reduces fatigue during extended use sessions package includes extra batteries detailed quick start guide get up running minutes day battery life single charge fast charging support gets 80 percent 30 minutes sleek new design weighs 120g making one lightest options available bluetooth connectivity ensures seamless operation your existing devices smart home ecosystem advanced sensors provide real time monitoring automatic adjustments optimal performance any environment,five stars perfect product perfect price perfect seller happier already recommended my coworkers buying gifts,absolutely love perfect needed arrived earlier expected packaged securely am nothing short impressed
40147,1,last chance electric space heater thermostat energy efficient brand new best deal lowest price sealed box,excellent quality guaranteed our team product specialists product tested verified our quality control department meet highest standards stand behind item sell comprehensive warranty support program free returns if completely satisfied your purchase within 60 days ships usa warehouse fast domestic delivery usually within business days our products sourced certified manufacturers come original documentation certificates authenticity offer volume discounts bulk purchases accommodate custom orders our dedicated customer support team speaks multiple languages available around clock trust us your purchase experience difference quality service make,happy purchase works exactly advertised my friends jealous want one great value price quick delivery,second time got scammed type listing product counterfeit real functionality brand name printed crooked sticker
40148,1,dash cam front rear dual camera night vision fast ship,professional grade device touch sensitive controls auto power saving mode perfect beginners experienced users demand best performance their equipment compact lightweight design 250g makes perfect travel go use wifi 6e connectivity ensures seamless operation smartphones tablets computers industrial grade components rated over 50000 hours continuous operation features intuitive interface customizable settings presets different use scenarios product certified multiple international standards organizations including ce fcc rohs compliance includes premium user manual valued 29 99 free bonus your purchase our technical support team available help setup troubleshooting via phone email live chat,best product ever used quality outstanding price unbelievable already ordered two my family highly recommended,decent product issues main function works fine battery life nowhere close advertised acceptable casual use
40149,1,digital smart watch touch screen amoled display,features advanced wifi technology superior performance compared competing products price range built premium reinforced polymer materials long lasting durability withstand daily wear tear high resolution amoled display 8gb internal memory compatible major brands devices market includes user manual box along comprehensive user manual multiple languages lifetime warranty included purchase covering manufacturing defects workmanship issues 2025 edition introduces several key improvements including enhanced display brightness refined design our engineering team spent over 18 months developing testing product ensure meets highest quality standards unit individually serialized registered our quality database tracking purposes,seller product fast shipping great communication high quality item ask my third purchase seller,best deal found online product quality top notch service impeccable definitely coming back
40150,1,fast ship hair straightener flat iron ceramic plates 100 original clearance,great product great price order now before stock runs out fast delivery,wow wow product incredible tried many similar products one far best seller also responsive helpful,item match description photos show completely different product disappointed wasted my money garbage stay away
40151,1,survival kit emergency 250 pieces first aid camping flash deal hot sale,premium product wholesale price limited stock order now,great product good quality highly recommend everyone best purchase ever made definitely buy again amazing seller fast shipping,outstanding quality price skeptical first exceeded my expectations build quality feels premium looks great
40152,1,mega sale ring camera doorbell two way audio motion detection don miss best deal,excellent quality guaranteed our team product specialists product tested verified our quality control department meet highest standards stand behind item sell comprehensive warranty support program free returns if completely satisfied your purchase within 60 days ships usa warehouse fast domestic delivery usually within business days our products sourced certified manufacturers come original documentation certificates authenticity offer volume discounts bulk purchases accommodate custom orders our dedicated customer support team speaks multiple languages available around clock trust us your purchase experience difference quality service make,wow wow product incredible tried many similar products one far best seller also responsive helpful,second time got scammed type listing product counterfeit real functionality brand name printed crooked sticker
40153,1,flash deal car phone mount magnetic universal dashboard holder premium grade free shipping fast ship sealed box,amazing deal premium quality item bestseller our store months perfect gift birthdays holidays anniversaries treat yourself something special offer fast free shipping orders hassle free returns within 30 days item regularly sells much retail stores specialty shops take advantage limited time offer before our inventory runs out update our stock regularly popular items like one tend sell out quickly product features latest technology design improvements manufacturer unit undergoes 12 point inspection process ensure meets our exacting standards packaging includes premium gift ready presentation protective foam inserts branded tissue paper features advanced nfc technology superior performance compared competing products price range built premium medical grade silicone materials long lasting durability withstand daily wear tear dual channel output up 48 hour battery life compatible major brands devices market includes travel pouch box along comprehensive user manual multiple languages lifetime warranty included purchase covering manufacturing defects workmanship issues 2025 edition introduces several key improvements including enhanced battery life refined design our engineering team spent over 18 months developing testing product ensure meets highest quality standards unit individually serialized registered our quality database tracking purposes,outstanding quality price skeptical first exceeded my expectations build quality feels premium looks great,used week now amazing complaints works great out box setup easy intuitive satisfied customer here
40154,1,lowest price tactical flashlight led rechargeable super bright 10000 lumens best deal last chance fast ship,brand new sealed original packaging 100 authentic product guaranteed offer best quality lowest prices fast shipping within 24 hours buy total confidence our trusted store satisfaction guaranteed your money back best deal find limited stock available order now before sells out sold thousands products received nothing positive feedback our loyal customers our products go through rigorous quality checks before shipped out item carefully wrapped protective packaging ensure arrives perfect condition offer hassle free return policy if completely satisfied our customer service team available 24 assist any questions concerns don miss out incredible opportunity premium product fraction retail price upgraded 2025 model significantly improved display brightness outperforms previous generation up 40 percent multi touch gesture control 360 degree surround sound designed specifically daily commuting ergonomic form factor reduces fatigue during extended use sessions package includes travel pouch detailed quick start guide get up running minutes 24 hour battery life single charge fast charging support gets 80 percent 30 minutes sleek new design weighs 350g making one lightest options available wifi 6e connectivity ensures seamless operation your existing devices smart home ecosystem advanced sensors provide real time monitoring automatic adjustments optimal performance any environment,great product good quality highly recommend everyone best purchase ever made definitely buy again amazing seller fast shipping,happy purchase works exactly advertised my friends jealous want one great value price quick delivery
40155,1,selfie stick tripod bluetooth remote extendable 100 original,top rated product premium materials exceptional craftsmanship factory direct pricing means huge savings compared retail stores item carefully inspected our quality control team before shipping guarantee fast delivery excellent customer service throughout your shopping experience must item incredible price point find anywhere else our warehouse processes orders within hours purchase lightning fast delivery product comes comprehensive user guide necessary accessories included box partnerships major shipping carriers ensure fastest possible delivery times customer satisfaction our number one priority go above beyond make sure happy your purchase professional grade device dual channel output high resolution amoled display perfect beginners experienced users demand best performance their equipment compact lightweight design 120g makes perfect travel go use multi device connectivity ensures seamless operation smartphones tablets computers industrial grade components rated over 50000 hours continuous operation features intuitive interface customizable settings presets different use scenarios product certified multiple international standards organizations including ce fcc rohs compliance includes premium extra batteries valued 29 99 free bonus your purchase our technical support team available help setup troubleshooting via phone email live chat,five stars perfect product perfect price perfect seller happier already recommended my coworkers buying gifts,terrible product received cheap knockoff looks nothing like pictures seller refused respond my messages complete waste money buy
40156,1,hot sale portable blender personal size usb rechargeable don miss exclusive offer sealed box mega sale,brand new sealed original packaging 100 authentic product guaranteed offer best quality lowest prices fast shipping within 24 hours buy total confidence our trusted store satisfaction guaranteed your money back best deal find limited stock available order now before sells out sold thousands products received nothing positive feedback our loyal customers our products go through rigorous quality checks before shipped out item carefully wrapped protective packaging ensure arrives perfect condition offer hassle free return policy if completely satisfied our customer service team available 24 assist any questions concerns don miss out incredible opportunity premium product fraction retail price,love much works perfectly exactly needed five stars way exceeded my expectations way possible recommend friends family,received empty box yes literally nothing inside seller claims shipped item joke already filed dispute
40157,1,solar power bank 30000mah waterproof led flashlight exclusive offer unbeatable price,brand new sealed original packaging 100 authentic product guaranteed offer best quality lowest prices fast shipping within 24 hours buy total confidence our trusted store satisfaction guaranteed your money back best deal find limited stock available order now before sells out sold thousands products received nothing positive feedback our loyal customers our products go through rigorous quality checks before shipped out item carefully wrapped protective packaging ensure arrives perfect condition offer hassle free return policy if completely satisfied our customer service team available 24 assist any questions concerns don miss out incredible opportunity premium product fraction retail price,outstanding quality price skeptical first exceeded my expectations build quality feels premium looks great,love much works perfectly exactly needed five stars way exceeded my expectations way possible recommend friends family
40158,1,don miss dash cam front rear dual camera night vision fast ship lowest price,next generation device featuring revolutionary usb technology sets new standard industry precision engineered medical grade silicone construction premium look feel rivals products costing three times much ip67 waterproof rated ip67 waterproof rated 2026 release includes new sensor accuracy system adapts your personal preferences over time using machine learning algorithms battery capacity 36 hour ensures use product day without worrying about recharging compatible ios android windows macos platforms through our free companion app available major app stores box find main unit extra tips charging cable microfiber cleaning cloth,absolutely love perfect needed arrived earlier expected packaged securely am nothing short impressed,scam item received clearly fake packaging damaged product stopped working after two days tried get refund seller disappeared
40159,1,clearance sport smart watch step counter calorie tracker top quality bulk discount free shipping sealed box,high quality product unbeatable price reputable seller years experience industry item exactly described listing ships day our warehouse returns accepted within 30 days any reason don miss amazing opportunity get best value your money our customers love product keep coming back source our products directly manufacturer eliminate middlemen pass savings order tracked insured your peace mind selling platform over five years stellar track record join thousands satisfied customers already discovered quality value our products,worst purchase ever product arrived broken smelled like chemicals seller multiple accounts selling junk reported customer service,fake product compared genuine one differences obvious cheaper materials wrong colors bad stitching seller dishonest
40160,1,unbeatable price phone gimbal stabilizer axis video recording fast ship top quality super deal,high quality product unbeatable price reputable seller years experience industry item exactly described listing ships day our warehouse returns accepted within 30 days any reason don miss amazing opportunity get best value your money our customers love product keep coming back source our products directly manufacturer eliminate middlemen pass savings order tracked insured your peace mind selling platform over five years stellar track record join thousands satisfied customers already discovered quality value our products features advanced wifi technology superior performance compared competing products price range built premium stainless steel materials long lasting durability withstand daily wear tear precision engineered motors ip67 waterproof rated compatible major brands devices market includes usb cable box along comprehensive user manual multiple languages year warranty included purchase covering manufacturing defects workmanship issues 2025 edition introduces several key improvements including enhanced processing speed refined design our engineering team spent over 18 months developing testing product ensure meets highest quality standards unit individually serialized registered our quality database tracking purposes,fake product compared genuine one differences obvious cheaper materials wrong colors bad stitching seller dishonest,looks nothing like photos cheap flimsy plastic cracked first day reviews listing must fake because product terrible
40161,1,health monitor smart watch ecg blood oxygen,upgraded 2026 model significantly improved sensor accuracy outperforms previous generation up 40 percent dual channel output dual channel output designed specifically outdoor adventures ergonomic form factor reduces fatigue during extended use sessions package includes extra tips detailed quick start guide get up running minutes 72 hour battery life single charge fast charging support gets 80 percent 30 minutes sleek new design weighs 350g making one lightest options available multi device connectivity ensures seamless operation your existing devices smart home ecosystem advanced sensors provide real time monitoring automatic adjustments optimal performance any environment,received empty box yes literally nothing inside seller claims shipped item joke already filed dispute,clearly counterfeit product logo misspelled finish rough uneven save your money buy real store
40162,1,hot sale robot dog toy interactive voice commands sealed box buy now guaranteed authentic,next generation device featuring revolutionary nfc technology sets new standard industry precision engineered medical grade silicone construction premium look feel rivals products costing three times much up 48 hour battery life 4k uhd resolution 2024 release includes new display brightness system adapts your personal preferences over time using machine learning algorithms battery capacity 48 hour ensures use product day without worrying about recharging compatible ios android windows macos platforms through our free companion app available major app stores box find main unit mounting bracket charging cable microfiber cleaning cloth,great product good quality highly recommend everyone best purchase ever made definitely buy again amazing seller fast shipping,product okay price expect premium quality works build quality cheap get pay guess
40163,1,magnetic wireless charger stand phone watch clearance factory direct,high quality product unbeatable price reputable seller years experience industry item exactly described listing ships day our warehouse returns accepted within 30 days any reason don miss amazing opportunity get best value your money our customers love product keep coming back source our products directly manufacturer eliminate middlemen pass savings order tracked insured your peace mind selling platform over five years stellar track record join thousands satisfied customers already discovered quality value our products next generation device featuring revolutionary usb technology sets new standard industry precision engineered premium abs construction premium look feel rivals products costing three times much 8gb internal memory high resolution amoled display 2026 release includes new display brightness system adapts your personal preferences over time using machine learning algorithms battery capacity 24 hour ensures use product day without worrying about recharging compatible ios android windows macos platforms through our free companion app available major app stores box find main unit mounting bracket charging cable microfiber cleaning cloth,seller product fast shipping great communication high quality item ask my third purchase seller,item match description photos show completely different product disappointed wasted my money garbage stay away
40164,1,bluetooth earbuds microphone deep bass audio free shipping,premium product wholesale price limited stock order now,best product ever used quality outstanding price unbelievable already ordered two my family highly recommended,second time got scammed type listing product counterfeit real functionality brand name printed crooked sticker
40165,1,wireless mouse ergonomic vertical usb receiver fast ship,brand new sealed original packaging 100 authentic product guaranteed offer best quality lowest prices fast shipping within 24 hours buy total confidence our trusted store satisfaction guaranteed your money back best deal find limited stock available order now before sells out sold thousands products received nothing positive feedback our loyal customers our products go through rigorous quality checks before shipped out item carefully wrapped protective packaging ensure arrives perfect condition offer hassle free return policy if completely satisfied our customer service team available 24 assist any questions concerns don miss out incredible opportunity premium product fraction retail price,five stars perfect product perfect price perfect seller happier already recommended my coworkers buying gifts,outstanding quality price skeptical first exceeded my expectations build quality feels premium looks great
40166,1,sport wireless earphones waterproof ipx7 running buy now wholesale price,upgraded 2024 model significantly improved display brightness outperforms previous generation up 40 percent built noise cancellation supports fast charging designed specifically travel ergonomic form factor reduces fatigue during extended use sessions package includes mounting bracket detailed quick start guide get up running minutes day battery life single charge fast charging support gets 80 percent 30 minutes sleek new design weighs 350g making one lightest options available multi device connectivity ensures seamless operation your existing devices smart home ecosystem advanced sensors provide real time monitoring automatic adjustments optimal performance any environment,happy purchase works exactly advertised my friends jealous want one great value price quick delivery,absolutely love perfect needed arrived earlier expected packaged securely am nothing short impressed
40167,1,survival kit emergency 250 pieces first aid camping unbeatable price free shipping,amazing deal premium quality item bestseller our store months perfect gift birthdays holidays anniversaries treat yourself something special offer fast free shipping orders hassle free returns within 30 days item regularly sells much retail stores specialty shops take advantage limited time offer before our inventory runs out update our stock regularly popular items like one tend sell out quickly product features latest technology design improvements manufacturer unit undergoes 12 point inspection process ensure meets our exacting standards packaging includes premium gift ready presentation protective foam inserts branded tissue paper next generation device featuring revolutionary ai powered technology sets new standard industry precision engineered premium abs construction premium look feel rivals products costing three times much multi touch gesture control precision engineered motors 2025 release includes new battery life system adapts your personal preferences over time using machine learning algorithms battery capacity 24 hour ensures use product day without worrying about recharging compatible ios android windows macos platforms through our free companion app available major app stores box find main unit travel pouch charging cable microfiber cleaning cloth,seller product fast shipping great communication high quality item ask my third purchase seller,terrible product received cheap knockoff looks nothing like pictures seller refused respond my messages complete waste money buy
40168,1,sealed box remote control car off road monster truck 4wd factory direct premium grade free shipping exclusive offer,amazing deal premium quality item bestseller our store months perfect gift birthdays holidays anniversaries treat yourself something special offer fast free shipping orders hassle free returns within 30 days item regularly sells much retail stores specialty shops take advantage limited time offer before our inventory runs out update our stock regularly popular items like one tend sell out quickly product features latest technology design improvements manufacturer unit undergoes 12 point inspection process ensure meets our exacting standards packaging includes premium gift ready presentation protective foam inserts branded tissue paper upgraded 2026 model significantly improved sensor accuracy outperforms previous generation up 40 percent dual channel output 360 degree surround sound designed specifically daily commuting ergonomic form factor reduces fatigue during extended use sessions package includes cleaning cloth detailed quick start guide get up running minutes 72 hour battery life single charge fast charging support gets 80 percent 30 minutes sleek new design weighs 200g making one lightest options available dual mode wireless connectivity ensures seamless operation your existing devices smart home ecosystem advanced sensors provide real time monitoring automatic adjustments optimal performance any environment,average product features work well others disappointing customer service helpful questions rate out overall,clearly counterfeit product logo misspelled finish rough uneven save your money buy real store
40169,1,binoculars 12x42 hd phone adapter night vision bulk discount,top quality product buy confidence returns accepted fast free shipping,seller product fast shipping great communication high quality item ask my third purchase seller,love much works perfectly exactly needed five stars way exceeded my expectations way possible recommend friends family
40170,1,noise cancelling wireless headphones 60h battery life,excellent quality guaranteed our team product specialists product tested verified our quality control department meet highest standards stand behind item sell comprehensive warranty support program free returns if completely satisfied your purchase within 60 days ships usa warehouse fast domestic delivery usually within business days our products sourced certified manufacturers come original documentation certificates authenticity offer volume discounts bulk purchases accommodate custom orders our dedicated customer support team speaks multiple languages available around clock trust us your purchase experience difference quality service make,excellent product arrived fast well packaged exactly described am happy purchase buy seller again sure,product okay price expect premium quality works build quality cheap get pay guess
40171,1,clearance robot vacuum cleaner mop self charging smart mapping buy now guaranteed authentic best deal 100 original,high quality product unbeatable price reputable seller years experience industry item exactly described listing ships day our warehouse returns accepted within 30 days any reason don miss amazing opportunity get best value your money our customers love product keep coming back source our products directly manufacturer eliminate middlemen pass savings order tracked insured your peace mind selling platform over five years stellar track record join thousands satisfied customers already discovered quality value our products next generation device featuring revolutionary ai powered technology sets new standard industry precision engineered premium abs construction premium look feel rivals products costing three times much 360 degree surround sound up 48 hour battery life 2024 release includes new sensor accuracy system adapts your personal preferences over time using machine learning algorithms battery capacity 48 hour ensures use product day without worrying about recharging compatible ios android windows macos platforms through our free companion app available major app stores box find main unit extra batteries charging cable microfiber cleaning cloth,outstanding quality price skeptical first exceeded my expectations build quality feels premium looks great,clearly counterfeit product logo misspelled finish rough uneven save your money buy real store
40172,1,mega sale teeth whitening kit led light professional grade clearance wholesale price,brand new fast shipping best price buy confidence our trusted store,best deal found online product quality top notch service impeccable definitely coming back,absolutely love perfect needed arrived earlier expected packaged securely am nothing short impressed
40173,1,free shipping usb fast charger 65w gan multiple ports best deal don miss,features advanced wifi technology superior performance compared competing products price range built premium stainless steel materials long lasting durability withstand daily wear tear multi touch gesture control 8gb internal memory compatible major brands devices market includes cleaning cloth box along comprehensive user manual multiple languages 90 day warranty included purchase covering manufacturing defects workmanship issues 2024 edition introduces several key improvements including enhanced sound quality refined design our engineering team spent over 18 months developing testing product ensure meets highest quality standards unit individually serialized registered our quality database tracking purposes,love much works perfectly exactly needed five stars way exceeded my expectations way possible recommend friends family,average product features work well others disappointing customer service helpful questions rate out overall
40174,1,premium active noise cancelling wireless earbuds,premium product wholesale price limited stock order now,seller product fast shipping great communication high quality item ask my third purchase seller,five stars perfect product perfect price perfect seller happier already recommended my coworkers buying gifts
40175,1,facial cleansing brush electric waterproof deep pore factory direct,brand new fast shipping best price buy confidence our trusted store,seller product fast shipping great communication high quality item ask my third purchase seller,item match description photos show completely different product disappointed wasted my money garbage stay away
40176,1,wireless mini speaker led lights party mode super deal limited offer,top rated product premium materials exceptional craftsmanship factory direct pricing means huge savings compared retail stores item carefully inspected our quality control team before shipping guarantee fast delivery excellent customer service throughout your shopping experience must item incredible price point find anywhere else our warehouse processes orders within hours purchase lightning fast delivery product comes comprehensive user guide necessary accessories included box partnerships major shipping carriers ensure fastest possible delivery times customer satisfaction our number one priority go above beyond make sure happy your purchase,product okay price expect premium quality works build quality cheap get pay guess,clearly counterfeit product logo misspelled finish rough uneven save your money buy real store
40177,1,buy now electric kettle temperature control stainless steel limited offer best deal guaranteed authentic exclusive offer,high quality product unbeatable price reputable seller years experience industry item exactly described listing ships day our warehouse returns accepted within 30 days any reason don miss amazing opportunity get best value your money our customers love product keep coming back source our products directly manufacturer eliminate middlemen pass savings order tracked insured your peace mind selling platform over five years stellar track record join thousands satisfied customers already discovered quality value our products features advanced wifi technology superior performance compared competing products price range built premium stainless steel materials long lasting durability withstand daily wear tear 8gb internal memory high resolution amoled display compatible major brands devices market includes carrying case box along comprehensive user manual multiple languages 90 day warranty included purchase covering manufacturing defects workmanship issues 2026 edition introduces several key improvements including enhanced processing speed refined design our engineering team spent over 18 months developing testing product ensure meets highest quality standards unit individually serialized registered our quality database tracking purposes,absolutely love perfect needed arrived earlier expected packaged securely am nothing short impressed,took 45 days arrive wrong item entirely customer service nonexistent worst online shopping experience my life
40178,1,dash cam front rear dual camera night vision unbeatable price last chance,amazing deal premium quality item bestseller our store months perfect gift birthdays holidays anniversaries treat yourself something special offer fast free shipping orders hassle free returns within 30 days item regularly sells much retail stores specialty shops take advantage limited time offer before our inventory runs out update our stock regularly popular items like one tend sell out quickly product features latest technology design improvements manufacturer unit undergoes 12 point inspection process ensure meets our exacting standards packaging includes premium gift ready presentation protective foam inserts branded tissue paper,happy purchase works exactly advertised my friends jealous want one great value price quick delivery,five stars perfect product perfect price perfect seller happier already recommended my coworkers buying gifts
40179,1,gaming headset surround sound rgb lights,professional grade device 4k uhd resolution dual channel output perfect beginners experienced users demand best performance their equipment compact lightweight design 250g makes perfect travel go use wifi 6e connectivity ensures seamless operation smartphones tablets computers industrial grade components rated over 50000 hours continuous operation features intuitive interface customizable settings presets different use scenarios product certified multiple international standards organizations including ce fcc rohs compliance includes premium extra tips valued 29 99 free bonus your purchase our technical support team available help setup troubleshooting via phone email live chat,absolutely love perfect needed arrived earlier expected packaged securely am nothing short impressed,looks nothing like photos cheap flimsy plastic cracked first day reviews listing must fake because product terrible
40180,1,don miss electric water gun automatic high capacity hot sale fast ship,upgraded 2025 model significantly improved processing speed outperforms previous generation up 40 percent 2000mah rechargeable battery auto power saving mode designed specifically travel ergonomic form factor reduces fatigue during extended use sessions package includes user manual detailed quick start guide get up running minutes 24 hour battery life single charge fast charging support gets 80 percent 30 minutes sleek new design weighs 150g making one lightest options available dual mode wireless connectivity ensures seamless operation your existing devices smart home ecosystem advanced sensors provide real time monitoring automatic adjustments optimal performance any environment,seller product fast shipping great communication high quality item ask my third purchase seller,best product ever used quality outstanding price unbelievable already ordered two my family highly recommended
40181,1,vacuum sealer machine starter kit bags included,excellent quality guaranteed our team product specialists product tested verified our quality control department meet highest standards stand behind item sell comprehensive warranty support program free returns if completely satisfied your purchase within 60 days ships usa warehouse fast domestic delivery usually within business days our products sourced certified manufacturers come original documentation certificates authenticity offer volume discounts bulk purchases accommodate custom orders our dedicated customer support team speaks multiple languages available around clock trust us your purchase experience difference quality service make,wow wow product incredible tried many similar products one far best seller also responsive helpful,fake product compared genuine one differences obvious cheaper materials wrong colors bad stitching seller dishonest
40182,1,smart watch fitness tracker heart rate monitor,amazing deal premium quality item bestseller our store months perfect gift birthdays holidays anniversaries treat yourself something special offer fast free shipping orders hassle free returns within 30 days item regularly sells much retail stores specialty shops take advantage limited time offer before our inventory runs out update our stock regularly popular items like one tend sell out quickly product features latest technology design improvements manufacturer unit undergoes 12 point inspection process ensure meets our exacting standards packaging includes premium gift ready presentation protective foam inserts branded tissue paper,item match description photos show completely different product disappointed wasted my money garbage stay away,took 45 days arrive wrong item entirely customer service nonexistent worst online shopping experience my life
40183,1,portable party speaker bass boost rgb lights fast ship exclusive offer,high quality product unbeatable price reputable seller years experience industry item exactly described listing ships day our warehouse returns accepted within 30 days any reason don miss amazing opportunity get best value your money our customers love product keep coming back source our products directly manufacturer eliminate middlemen pass savings order tracked insured your peace mind selling platform over five years stellar track record join thousands satisfied customers already discovered quality value our products,best product ever used quality outstanding price unbelievable already ordered two my family highly recommended,love much works perfectly exactly needed five stars way exceeded my expectations way possible recommend friends family
40184,1,remote control car off road monster truck 4wd mega sale fast ship,upgraded 2026 model significantly improved processing speed outperforms previous generation up 40 percent ip67 waterproof rated 2000mah rechargeable battery designed specifically outdoor adventures ergonomic form factor reduces fatigue during extended use sessions package includes carrying case detailed quick start guide get up running minutes 36 hour battery life single charge fast charging support gets 80 percent 30 minutes sleek new design weighs 250g making one lightest options available bluetooth connectivity ensures seamless operation your existing devices smart home ecosystem advanced sensors provide real time monitoring automatic adjustments optimal performance any environment,excellent product arrived fast well packaged exactly described am happy purchase buy seller again sure,item match description photos show completely different product disappointed wasted my money garbage stay away
40185,1,laptop cooling pad fans gaming notebook cooler,high quality product unbeatable price reputable seller years experience industry item exactly described listing ships day our warehouse returns accepted within 30 days any reason don miss amazing opportunity get best value your money our customers love product keep coming back source our products directly manufacturer eliminate middlemen pass savings order tracked insured your peace mind selling platform over five years stellar track record join thousands satisfied customers already discovered quality value our products upgraded 2024 model significantly improved sensor accuracy outperforms previous generation up 40 percent high resolution amoled display 120db signal noise ratio designed specifically professional use ergonomic form factor reduces fatigue during extended use sessions package includes usb cable detailed quick start guide get up running minutes 48 hour battery life single charge fast charging support gets 80 percent 30 minutes sleek new design weighs 250g making one lightest options available dual mode wireless connectivity ensures seamless operation your existing devices smart home ecosystem advanced sensors provide real time monitoring automatic adjustments optimal performance any environment,best product ever used quality outstanding price unbelievable already ordered two my family highly recommended,five stars perfect product perfect price perfect seller happier already recommended my coworkers buying gifts
40186,1,exclusive offer facial cleansing brush electric waterproof deep pore sealed box don miss buy now free shipping,high quality product unbeatable price reputable seller years experience industry item exactly described listing ships day our warehouse returns accepted within 30 days any reason don miss amazing opportunity get best value your money our customers love product keep coming back source our products directly manufacturer eliminate middlemen pass savings order tracked insured your peace mind selling platform over five years stellar track record join thousands satisfied customers already discovered quality value our products,works quality mediocre best materials feel cheap compared photos return if something better comes along,looks nothing like photos cheap flimsy plastic cracked first day reviews listing must fake because product terrible
40187,1,unbeatable price robot dog toy interactive voice commands last chance free shipping top quality limited offer,high quality product unbeatable price reputable seller years experience industry item exactly described listing ships day our warehouse returns accepted within 30 days any reason don miss amazing opportunity get best value your money our customers love product keep coming back source our products directly manufacturer eliminate middlemen pass savings order tracked insured your peace mind selling platform over five years stellar track record join thousands satisfied customers already discovered quality value our products,product okay price expect premium quality works build quality cheap get pay guess,took 45 days arrive wrong item entirely customer service nonexistent worst online shopping experience my life
40188,1,screen protector tempered glass 9h hardness anti scratch top quality factory direct,excellent quality guaranteed our team product specialists product tested verified our quality control department meet highest standards stand behind item sell comprehensive warranty support program free returns if completely satisfied your purchase within 60 days ships usa warehouse fast domestic delivery usually within business days our products sourced certified manufacturers come original documentation certificates authenticity offer volume discounts bulk purchases accommodate custom orders our dedicated customer support team speaks multiple languages available around clock trust us your purchase experience difference quality service make,item match description photos show completely different product disappointed wasted my money garbage stay away,clearly counterfeit product logo misspelled finish rough uneven save your money buy real store
40189,1,fast ship usb hub docking station 12 hdmi ethernet hot sale flash deal last chance factory direct,excellent quality guaranteed our team product specialists product tested verified our quality control department meet highest standards stand behind item sell comprehensive warranty support program free returns if completely satisfied your purchase within 60 days ships usa warehouse fast domestic delivery usually within business days our products sourced certified manufacturers come original documentation certificates authenticity offer volume discounts bulk purchases accommodate custom orders our dedicated customer support team speaks multiple languages available around clock trust us your purchase experience difference quality service make upgraded 2026 model significantly improved sound quality outperforms previous generation up 40 percent up 48 hour battery life precision engineered motors designed specifically daily commuting ergonomic form factor reduces fatigue during extended use sessions package includes cleaning cloth detailed quick start guide get up running minutes 36 hour battery life single charge fast charging support gets 80 percent 30 minutes sleek new design weighs 150g making one lightest options available dual mode wireless connectivity ensures seamless operation your existing devices smart home ecosystem advanced sensors provide real time monitoring automatic adjustments optimal performance any environment,outstanding quality price skeptical first exceeded my expectations build quality feels premium looks great,average product features work well others disappointing customer service helpful questions rate out overall
40190,1,factory direct phone case shockproof military grade drop protection 100 original exclusive offer,excellent quality guaranteed our team product specialists product tested verified our quality control department meet highest standards stand behind item sell comprehensive warranty support program free returns if completely satisfied your purchase within 60 days ships usa warehouse fast domestic delivery usually within business days our products sourced certified manufacturers come original documentation certificates authenticity offer volume discounts bulk purchases accommodate custom orders our dedicated customer support team speaks multiple languages available around clock trust us your purchase experience difference quality service make,fine occasional use quality acceptable considering low price don expect last months,looks nothing like photos cheap flimsy plastic cracked first day reviews listing must fake because product terrible
40191,1,exclusive offer portable party speaker bass boost rgb lights buy now unbeatable price,high quality product unbeatable price reputable seller years experience industry item exactly described listing ships day our warehouse returns accepted within 30 days any reason don miss amazing opportunity get best value your money our customers love product keep coming back source our products directly manufacturer eliminate middlemen pass savings order tracked insured your peace mind selling platform over five years stellar track record join thousands satisfied customers already discovered quality value our products,fake product compared genuine one differences obvious cheaper materials wrong colors bad stitching seller dishonest,looks nothing like photos cheap flimsy plastic cracked first day reviews listing must fake because product terrible
40192,1,led desk lamp wireless charging usb port dimmable 100 original,professional grade device 2000mah rechargeable battery high resolution amoled display perfect beginners experienced users demand best performance their equipment compact lightweight design 200g makes perfect travel go use wifi 6e connectivity ensures seamless operation smartphones tablets computers industrial grade components rated over 50000 hours continuous operation features intuitive interface customizable settings presets different use scenarios product certified multiple international standards organizations including ce fcc rohs compliance includes premium cleaning cloth valued 29 99 free bonus your purchase our technical support team available help setup troubleshooting via phone email live chat,best deal found online product quality top notch service impeccable definitely coming back,love much works perfectly exactly needed five stars way exceeded my expectations way possible recommend friends family
40193,1,solar power bank 30000mah waterproof led flashlight,upgraded 2025 model significantly improved battery life outperforms previous generation up 40 percent 8gb internal memory 4k uhd resolution designed specifically home office ergonomic form factor reduces fatigue during extended use sessions package includes mounting bracket detailed quick start guide get up running minutes 24 hour battery life single charge fast charging support gets 80 percent 30 minutes sleek new design weighs 350g making one lightest options available dual mode wireless connectivity ensures seamless operation your existing devices smart home ecosystem advanced sensors provide real time monitoring automatic adjustments optimal performance any environment,best product ever used quality outstanding price unbelievable already ordered two my family highly recommended,average product features work well others disappointing customer service helpful questions rate out overall
40194,1,fast ship car phone mount magnetic universal dashboard holder clearance factory direct,amazing deal premium quality item bestseller our store months perfect gift birthdays holidays anniversaries treat yourself something special offer fast free shipping orders hassle free returns within 30 days item regularly sells much retail stores specialty shops take advantage limited time offer before our inventory runs out update our stock regularly popular items like one tend sell out quickly product features latest technology design improvements manufacturer unit undergoes 12 point inspection process ensure meets our exacting standards packaging includes premium gift ready presentation protective foam inserts branded tissue paper,absolutely love perfect needed arrived earlier expected packaged securely am nothing short impressed,looks nothing like photos cheap flimsy plastic cracked first day reviews listing must fake because product terrible
40195,1,free shipping hair straightener flat iron ceramic plates 100 original mega sale,premium product wholesale price limited stock order now,clearly counterfeit product logo misspelled finish rough uneven save your money buy real store,product broke first use made cheapest materials possible battery died 30 minutes 48 hours advertised completely misleading listing
40196,1,limited offer solar power bank 30000mah waterproof led flashlight sealed box buy now top quality fast ship,brand new fast shipping best price buy confidence our trusted store,five stars perfect product perfect price perfect seller happier already recommended my coworkers buying gifts,seller product fast shipping great communication high quality item ask my third purchase seller
40197,1,exclusive offer selfie stick tripod bluetooth remote extendable hot sale best deal don miss,top rated product premium materials exceptional craftsmanship factory direct pricing means huge savings compared retail stores item carefully inspected our quality control team before shipping guarantee fast delivery excellent customer service throughout your shopping experience must item incredible price point find anywhere else our warehouse processes orders within hours purchase lightning fast delivery product comes comprehensive user guide necessary accessories included box partnerships major shipping carriers ensure fastest possible delivery times customer satisfaction our number one priority go above beyond make sure happy your purchase,outstanding quality price skeptical first exceeded my expectations build quality feels premium looks great,happy purchase works exactly advertised my friends jealous want one great value price quick delivery
40198,1,usb hub docking station 12 hdmi ethernet free shipping,high quality product unbeatable price reputable seller years experience industry item exactly described listing ships day our warehouse returns accepted within 30 days any reason don miss amazing opportunity get best value your money our customers love product keep coming back source our products directly manufacturer eliminate middlemen pass savings order tracked insured your peace mind selling platform over five years stellar track record join thousands satisfied customers already discovered quality value our products next generation device featuring revolutionary dual band technology sets new standard industry precision engineered carbon fiber construction premium look feel rivals products costing three times much 2000mah rechargeable battery 120db signal noise ratio 2024 release includes new sound quality system adapts your personal preferences over time using machine learning algorithms battery capacity 72 hour ensures use product day without worrying about recharging compatible ios android windows macos platforms through our free companion app available major app stores box find main unit usb cable charging cable microfiber cleaning cloth,absolutely love perfect needed arrived earlier expected packaged securely am nothing short impressed,happy purchase works exactly advertised my friends jealous want one great value price quick delivery
40199,1,solar power bank 30000mah waterproof led flashlight,top rated product premium materials exceptional craftsmanship factory direct pricing means huge savings compared retail stores item carefully inspected our quality control team before shipping guarantee fast delivery excellent customer service throughout your shopping experience must item incredible price point find anywhere else our warehouse processes orders within hours purchase lightning fast delivery product comes comprehensive user guide necessary accessories included box partnerships major shipping carriers ensure fastest possible delivery times customer satisfaction our number one priority go above beyond make sure happy your purchase,happy purchase works exactly advertised my friends jealous want one great value price quick delivery,clearly counterfeit product logo misspelled finish rough uneven save your money buy real store
40200,1,factory direct hiking backpack 50l waterproof rain cover clearance mega sale buy now,next generation device featuring revolutionary bluetooth technology sets new standard industry precision engineered carbon fiber construction premium look feel rivals products costing three times much high resolution amoled display supports fast charging 2024 release includes new sensor accuracy system adapts your personal preferences over time using machine learning algorithms battery capacity 72 hour ensures use product day without worrying about recharging compatible ios android windows macos platforms through our free companion app available major app stores box find main unit mounting bracket charging cable microfiber cleaning cloth,happy purchase works exactly advertised my friends jealous want one great value price quick delivery,buy seller product listing completely misleading received cheap plastic toy premium item described total fraud
40201,1,coffee scale timer 1g high precision top quality best deal,brand new sealed original packaging 100 authentic product guaranteed offer best quality lowest prices fast shipping within 24 hours buy total confidence our trusted store satisfaction guaranteed your money back best deal find limited stock available order now before sells out sold thousands products received nothing positive feedback our loyal customers our products go through rigorous quality checks before shipped out item carefully wrapped protective packaging ensure arrives perfect condition offer hassle free return policy if completely satisfied our customer service team available 24 assist any questions concerns don miss out incredible opportunity premium product fraction retail price,best product ever used quality outstanding price unbelievable already ordered two my family highly recommended,looks nothing like photos cheap flimsy plastic cracked first day reviews listing must fake because product terrible
40202,1,buy now led desk lamp wireless charging usb port dimmable 100 original free shipping hot sale,features advanced smart sensor technology superior performance compared competing products price range built premium carbon fiber materials long lasting durability withstand daily wear tear supports fast charging 2000mah rechargeable battery compatible major brands devices market includes cleaning cloth box along comprehensive user manual multiple languages lifetime warranty included purchase covering manufacturing defects workmanship issues 2025 edition introduces several key improvements including enhanced sensor accuracy refined design our engineering team spent over 18 months developing testing product ensure meets highest quality standards unit individually serialized registered our quality database tracking purposes,happy purchase works exactly advertised my friends jealous want one great value price quick delivery,fake product compared genuine one differences obvious cheaper materials wrong colors bad stitching seller dishonest
40203,1,noise cancelling wireless headphones 60h battery life buy now super deal,professional grade device dual channel output 2000mah rechargeable battery perfect beginners experienced users demand best performance their equipment compact lightweight design 150g makes perfect travel go use wifi 6e connectivity ensures seamless operation smartphones tablets computers industrial grade components rated over 50000 hours continuous operation features intuitive interface customizable settings presets different use scenarios product certified multiple international standards organizations including ce fcc rohs compliance includes premium extra tips valued 29 99 free bonus your purchase our technical support team available help setup troubleshooting via phone email live chat,best deal found online product quality top notch service impeccable definitely coming back,worst purchase ever product arrived broken smelled like chemicals seller multiple accounts selling junk reported customer service
40204,1,robot dog toy interactive voice commands brand new,upgraded 2026 model significantly improved sensor accuracy outperforms previous generation up 40 percent 360 degree surround sound 360 degree surround sound designed specifically professional use ergonomic form factor reduces fatigue during extended use sessions package includes cleaning cloth detailed quick start guide get up running minutes 72 hour battery life single charge fast charging support gets 80 percent 30 minutes sleek new design weighs 120g making one lightest options available dual mode wireless connectivity ensures seamless operation your existing devices smart home ecosystem advanced sensors provide real time monitoring automatic adjustments optimal performance any environment,five stars perfect product perfect price perfect seller happier already recommended my coworkers buying gifts,looks nothing like photos cheap flimsy plastic cracked first day reviews listing must fake because product terrible
40205,1,remote control car off road monster truck 4wd best deal,brand new sealed original packaging 100 authentic product guaranteed offer best quality lowest prices fast shipping within 24 hours buy total confidence our trusted store satisfaction guaranteed your money back best deal find limited stock available order now before sells out sold thousands products received nothing positive feedback our loyal customers our products go through rigorous quality checks before shipped out item carefully wrapped protective packaging ensure arrives perfect condition offer hassle free return policy if completely satisfied our customer service team available 24 assist any questions concerns don miss out incredible opportunity premium product fraction retail price,took 45 days arrive wrong item entirely customer service nonexistent worst online shopping experience my life,item match description photos show completely different product disappointed wasted my money garbage stay away
40206,1,usb fast charger 65w gan multiple ports guaranteed authentic,brand new sealed original packaging 100 authentic product guaranteed offer best quality lowest prices fast shipping within 24 hours buy total confidence our trusted store satisfaction guaranteed your money back best deal find limited stock available order now before sells out sold thousands products received nothing positive feedback our loyal customers our products go through rigorous quality checks before shipped out item carefully wrapped protective packaging ensure arrives perfect condition offer hassle free return policy if completely satisfied our customer service team available 24 assist any questions concerns don miss out incredible opportunity premium product fraction retail price,happy purchase works exactly advertised my friends jealous want one great value price quick delivery,five stars perfect product perfect price perfect seller happier already recommended my coworkers buying gifts
40207,1,100 original over ear wireless headphones active noise cancellation don miss fast ship best deal,top rated product premium materials exceptional craftsmanship factory direct pricing means huge savings compared retail stores item carefully inspected our quality control team before shipping guarantee fast delivery excellent customer service throughout your shopping experience must item incredible price point find anywhere else our warehouse processes orders within hours purchase lightning fast delivery product comes comprehensive user guide necessary accessories included box partnerships major shipping carriers ensure fastest possible delivery times customer satisfaction our number one priority go above beyond make sure happy your purchase,great product good quality highly recommend everyone best purchase ever made definitely buy again amazing seller fast shipping,product okay price expect premium quality works build quality cheap get pay guess
40208,1,air purifier hepa filter large room timer clearance best deal,features advanced smart sensor technology superior performance compared competing products price range built premium premium abs materials long lasting durability withstand daily wear tear dual channel output up 48 hour battery life compatible major brands devices market includes user manual box along comprehensive user manual multiple languages 90 day warranty included purchase covering manufacturing defects workmanship issues 2026 edition introduces several key improvements including enhanced connectivity range refined design our engineering team spent over 18 months developing testing product ensure meets highest quality standards unit individually serialized registered our quality database tracking purposes,love much works perfectly exactly needed five stars way exceeded my expectations way possible recommend friends family,buy seller product listing completely misleading received cheap plastic toy premium item described total fraud
40209,1,electric scalp massager waterproof heads factory direct,high quality product unbeatable price reputable seller years experience industry item exactly described listing ships day our warehouse returns accepted within 30 days any reason don miss amazing opportunity get best value your money our customers love product keep coming back source our products directly manufacturer eliminate middlemen pass savings order tracked insured your peace mind selling platform over five years stellar track record join thousands satisfied customers already discovered quality value our products upgraded 2024 model significantly improved connectivity range outperforms previous generation up 40 percent multi touch gesture control high resolution amoled display designed specifically professional use ergonomic form factor reduces fatigue during extended use sessions package includes extra batteries detailed quick start guide get up running minutes 36 hour battery life single charge fast charging support gets 80 percent 30 minutes sleek new design weighs 120g making one lightest options available bluetooth connectivity ensures seamless operation your existing devices smart home ecosystem advanced sensors provide real time monitoring automatic adjustments optimal performance any environment,happy purchase works exactly advertised my friends jealous want one great value price quick delivery,best deal found online product quality top notch service impeccable definitely coming back
40210,1,digital smart watch touch screen amoled display don miss unbeatable price,upgraded 2026 model significantly improved processing speed outperforms previous generation up 40 percent built noise cancellation precision engineered motors designed specifically outdoor adventures ergonomic form factor reduces fatigue during extended use sessions package includes mounting bracket detailed quick start guide get up running minutes 24 hour battery life single charge fast charging support gets 80 percent 30 minutes sleek new design weighs 200g making one lightest options available wifi 6e connectivity ensures seamless operation your existing devices smart home ecosystem advanced sensors provide real time monitoring automatic adjustments optimal performance any environment,wow wow product incredible tried many similar products one far best seller also responsive helpful,clearly counterfeit product logo misspelled finish rough uneven save your money buy real store
40211,1,100 original electric water gun automatic high capacity mega sale don miss wholesale price lowest price,next generation device featuring revolutionary dual band technology sets new standard industry precision engineered premium abs construction premium look feel rivals products costing three times much 120db signal noise ratio high resolution amoled display 2025 release includes new sensor accuracy system adapts your personal preferences over time using machine learning algorithms battery capacity 24 hour ensures use product day without worrying about recharging compatible ios android windows macos platforms through our free companion app available major app stores box find main unit user manual charging cable microfiber cleaning cloth,terrible product received cheap knockoff looks nothing like pictures seller refused respond my messages complete waste money buy,worst purchase ever product arrived broken smelled like chemicals seller multiple accounts selling junk reported customer service
40212,1,guaranteed authentic teeth whitening kit led light professional grade exclusive offer unbeatable price 100 original,high quality product unbeatable price reputable seller years experience industry item exactly described listing ships day our warehouse returns accepted within 30 days any reason don miss amazing opportunity get best value your money our customers love product keep coming back source our products directly manufacturer eliminate middlemen pass savings order tracked insured your peace mind selling platform over five years stellar track record join thousands satisfied customers already discovered quality value our products,scam item received clearly fake packaging damaged product stopped working after two days tried get refund seller disappeared,looks nothing like photos cheap flimsy plastic cracked first day reviews listing must fake because product terrible
40213,1,flash deal magnetic wireless charger stand phone watch 100 original lowest price,brand new fast shipping best price buy confidence our trusted store,best product ever used quality outstanding price unbelievable already ordered two my family highly recommended,clearly counterfeit product logo misspelled finish rough uneven save your money buy real store
40214,1,phone case shockproof military grade drop protection mega sale premium grade,excellent quality guaranteed our team product specialists product tested verified our quality control department meet highest standards stand behind item sell comprehensive warranty support program free returns if completely satisfied your purchase within 60 days ships usa warehouse fast domestic delivery usually within business days our products sourced certified manufacturers come original documentation certificates authenticity offer volume discounts bulk purchases accommodate custom orders our dedicated customer support team speaks multiple languages available around clock trust us your purchase experience difference quality service make features advanced wifi technology superior performance compared competing products price range built premium medical grade silicone materials long lasting durability withstand daily wear tear dual channel output 360 degree surround sound compatible major brands devices market includes extra batteries box along comprehensive user manual multiple languages year warranty included purchase covering manufacturing defects workmanship issues 2026 edition introduces several key improvements including enhanced processing speed refined design our engineering team spent over 18 months developing testing product ensure meets highest quality standards unit individually serialized registered our quality database tracking purposes,bad great either arrived acceptable condition minor scratches surface works basic tasks nothing impressive,received empty box yes literally nothing inside seller claims shipped item joke already filed dispute
40215,1,portable power bank 20000mah quick charge,next generation device featuring revolutionary bluetooth technology sets new standard industry precision engineered stainless steel construction premium look feel rivals products costing three times much ip67 waterproof rated supports fast charging 2025 release includes new battery life system adapts your personal preferences over time using machine learning algorithms battery capacity 36 hour ensures use product day without worrying about recharging compatible ios android windows macos platforms through our free companion app available major app stores box find main unit carrying case charging cable microfiber cleaning cloth,absolutely love perfect needed arrived earlier expected packaged securely am nothing short impressed,item match description photos show completely different product disappointed wasted my money garbage stay away
40216,1,last chance remote control car off road monster truck 4wd lowest price bulk discount 100 original,excellent quality guaranteed our team product specialists product tested verified our quality control department meet highest standards stand behind item sell comprehensive warranty support program free returns if completely satisfied your purchase within 60 days ships usa warehouse fast domestic delivery usually within business days our products sourced certified manufacturers come original documentation certificates authenticity offer volume discounts bulk purchases accommodate custom orders our dedicated customer support team speaks multiple languages available around clock trust us your purchase experience difference quality service make upgraded 2024 model significantly improved sensor accuracy outperforms previous generation up 40 percent precision engineered motors high resolution amoled display designed specifically travel ergonomic form factor reduces fatigue during extended use sessions package includes extra tips detailed quick start guide get up running minutes 72 hour battery life single charge fast charging support gets 80 percent 30 minutes sleek new design weighs 85g making one lightest options available bluetooth connectivity ensures seamless operation your existing devices smart home ecosystem advanced sensors provide real time monitoring automatic adjustments optimal performance any environment,bad great either arrived acceptable condition minor scratches surface works basic tasks nothing impressive,received empty box yes literally nothing inside seller claims shipped item joke already filed dispute
40217,1,clearance phone case shockproof military grade drop protection don miss last chance,amazing deal premium quality item bestseller our store months perfect gift birthdays holidays anniversaries treat yourself something special offer fast free shipping orders hassle free returns within 30 days item regularly sells much retail stores specialty shops take advantage limited time offer before our inventory runs out update our stock regularly popular items like one tend sell out quickly product features latest technology design improvements manufacturer unit undergoes 12 point inspection process ensure meets our exacting standards packaging includes premium gift ready presentation protective foam inserts branded tissue paper,worst purchase ever product arrived broken smelled like chemicals seller multiple accounts selling junk reported customer service,looks nothing like photos cheap flimsy plastic cracked first day reviews listing must fake because product terrible
40218,1,last chance bluetooth headphones foldable built microphone bulk discount sealed box don miss,features advanced nfc technology superior performance compared competing products price range built premium premium abs materials long lasting durability withstand daily wear tear 360 degree surround sound 8gb internal memory compatible major brands devices market includes usb cable box along comprehensive user manual multiple languages year warranty included purchase covering manufacturing defects workmanship issues 2025 edition introduces several key improvements including enhanced processing speed refined design our engineering team spent over 18 months developing testing product ensure meets highest quality standards unit individually serialized registered our quality database tracking purposes,best deal found online product quality top notch service impeccable definitely coming back,outstanding quality price skeptical first exceeded my expectations build quality feels premium looks great
40219,1,clearance phone gimbal stabilizer axis video recording factory direct exclusive offer,professional grade device high resolution amoled display touch sensitive controls perfect beginners experienced users demand best performance their equipment compact lightweight design 120g makes perfect travel go use multi device connectivity ensures seamless operation smartphones tablets computers industrial grade components rated over 50000 hours continuous operation features intuitive interface customizable settings presets different use scenarios product certified multiple international standards organizations including ce fcc rohs compliance includes premium mounting bracket valued 29 99 free bonus your purchase our technical support team available help setup troubleshooting via phone email live chat,love much works perfectly exactly needed five stars way exceeded my expectations way possible recommend friends family,product okay price expect premium quality works build quality cheap get pay guess
40220,1,brand new rc drone 4k camera fpv gps foldable quadcopter clearance lowest price bulk discount,upgraded 2026 model significantly improved sensor accuracy outperforms previous generation up 40 percent 8gb internal memory supports fast charging designed specifically professional use ergonomic form factor reduces fatigue during extended use sessions package includes mounting bracket detailed quick start guide get up running minutes 24 hour battery life single charge fast charging support gets 80 percent 30 minutes sleek new design weighs 250g making one lightest options available dual mode wireless connectivity ensures seamless operation your existing devices smart home ecosystem advanced sensors provide real time monitoring automatic adjustments optimal performance any environment,works quality mediocre best materials feel cheap compared photos return if something better comes along,item match description photos show completely different product disappointed wasted my money garbage stay away
40221,1,sport wireless earphones waterproof ipx7 running free shipping brand new,excellent quality guaranteed our team product specialists product tested verified our quality control department meet highest standards stand behind item sell comprehensive warranty support program free returns if completely satisfied your purchase within 60 days ships usa warehouse fast domestic delivery usually within business days our products sourced certified manufacturers come original documentation certificates authenticity offer volume discounts bulk purchases accommodate custom orders our dedicated customer support team speaks multiple languages available around clock trust us your purchase experience difference quality service make,five stars perfect product perfect price perfect seller happier already recommended my coworkers buying gifts,clearly counterfeit product logo misspelled finish rough uneven save your money buy real store
40222,1,flash deal led desk lamp wireless charging usb port dimmable clearance fast ship wholesale price bulk discount,top rated product premium materials exceptional craftsmanship factory direct pricing means huge savings compared retail stores item carefully inspected our quality control team before shipping guarantee fast delivery excellent customer service throughout your shopping experience must item incredible price point find anywhere else our warehouse processes orders within hours purchase lightning fast delivery product comes comprehensive user guide necessary accessories included box partnerships major shipping carriers ensure fastest possible delivery times customer satisfaction our number one priority go above beyond make sure happy your purchase,fake product compared genuine one differences obvious cheaper materials wrong colors bad stitching seller dishonest,buy seller product listing completely misleading received cheap plastic toy premium item described total fraud
40223,1,mega sale wireless mini speaker led lights party mode limited offer 100 original bulk discount,upgraded 2026 model significantly improved connectivity range outperforms previous generation up 40 percent high resolution amoled display 120db signal noise ratio designed specifically gym workouts ergonomic form factor reduces fatigue during extended use sessions package includes travel pouch detailed quick start guide get up running minutes 100 hour battery life single charge fast charging support gets 80 percent 30 minutes sleek new design weighs 120g making one lightest options available wifi 6e connectivity ensures seamless operation your existing devices smart home ecosystem advanced sensors provide real time monitoring automatic adjustments optimal performance any environment,took 45 days arrive wrong item entirely customer service nonexistent worst online shopping experience my life,worst purchase ever product arrived broken smelled like chemicals seller multiple accounts selling junk reported customer service
40224,1,hiking backpack 50l waterproof rain cover,amazing deal premium quality item bestseller our store months perfect gift birthdays holidays anniversaries treat yourself something special offer fast free shipping orders hassle free returns within 30 days item regularly sells much retail stores specialty shops take advantage limited time offer before our inventory runs out update our stock regularly popular items like one tend sell out quickly product features latest technology design improvements manufacturer unit undergoes 12 point inspection process ensure meets our exacting standards packaging includes premium gift ready presentation protective foam inserts branded tissue paper,absolutely love perfect needed arrived earlier expected packaged securely am nothing short impressed,love much works perfectly exactly needed five stars way exceeded my expectations way possible recommend friends family
40225,1,free shipping mechanical gaming keyboard rgb backlit blue switches limited offer best deal,amazing deal premium quality item bestseller our store months perfect gift birthdays holidays anniversaries treat yourself something special offer fast free shipping orders hassle free returns within 30 days item regularly sells much retail stores specialty shops take advantage limited time offer before our inventory runs out update our stock regularly popular items like one tend sell out quickly product features latest technology design improvements manufacturer unit undergoes 12 point inspection process ensure meets our exacting standards packaging includes premium gift ready presentation protective foam inserts branded tissue paper,took 45 days arrive wrong item entirely customer service nonexistent worst online shopping experience my life,took 45 days arrive wrong item entirely customer service nonexistent worst online shopping experience my life
40226,1,fast ship mechanical gaming keyboard rgb backlit blue switches limited offer best deal lowest price,excellent quality guaranteed our team product specialists product tested verified our quality control department meet highest standards stand behind item sell comprehensive warranty support program free returns if completely satisfied your purchase within 60 days ships usa warehouse fast domestic delivery usually within business days our products sourced certified manufacturers come original documentation certificates authenticity offer volume discounts bulk purchases accommodate custom orders our dedicated customer support team speaks multiple languages available around clock trust us your purchase experience difference quality service make,great product good quality highly recommend everyone best purchase ever made definitely buy again amazing seller fast shipping,bad great either arrived acceptable condition minor scratches surface works basic tasks nothing impressive
40227,1,electric scalp massager waterproof heads guaranteed authentic top quality,features advanced ai powered technology superior performance compared competing products price range built premium stainless steel materials long lasting durability withstand daily wear tear touch sensitive controls 360 degree surround sound compatible major brands devices market includes extra batteries box along comprehensive user manual multiple languages 90 day warranty included purchase covering manufacturing defects workmanship issues 2026 edition introduces several key improvements including enhanced sensor accuracy refined design our engineering team spent over 18 months developing testing product ensure meets highest quality standards unit individually serialized registered our quality database tracking purposes,used week now amazing complaints works great out box setup easy intuitive satisfied customer here,terrible product received cheap knockoff looks nothing like pictures seller refused respond my messages complete waste money buy
40228,1,bluetooth soundbar tv subwoofer flash deal premium grade,top rated product premium materials exceptional craftsmanship factory direct pricing means huge savings compared retail stores item carefully inspected our quality control team before shipping guarantee fast delivery excellent customer service throughout your shopping experience must item incredible price point find anywhere else our warehouse processes orders within hours purchase lightning fast delivery product comes comprehensive user guide necessary accessories included box partnerships major shipping carriers ensure fastest possible delivery times customer satisfaction our number one priority go above beyond make sure happy your purchase,terrible product received cheap knockoff looks nothing like pictures seller refused respond my messages complete waste money buy,product broke first use made cheapest materials possible battery died 30 minutes 48 hours advertised completely misleading listing
40229,1,car phone mount magnetic universal dashboard holder premium grade,upgraded 2024 model significantly improved battery life outperforms previous generation up 40 percent supports fast charging built noise cancellation designed specifically professional use ergonomic form factor reduces fatigue during extended use sessions package includes usb cable detailed quick start guide get up running minutes 72 hour battery life single charge fast charging support gets 80 percent 30 minutes sleek new design weighs 85g making one lightest options available multi device connectivity ensures seamless operation your existing devices smart home ecosystem advanced sensors provide real time monitoring automatic adjustments optimal performance any environment,five stars perfect product perfect price perfect seller happier already recommended my coworkers buying gifts,absolutely love perfect needed arrived earlier expected packaged securely am nothing short impressed
40230,1,sealed box bluetooth headphones foldable built microphone top quality flash deal bulk discount premium grade,high quality product unbeatable price reputable seller years experience industry item exactly described listing ships day our warehouse returns accepted within 30 days any reason don miss amazing opportunity get best value your money our customers love product keep coming back source our products directly manufacturer eliminate middlemen pass savings order tracked insured your peace mind selling platform over five years stellar track record join thousands satisfied customers already discovered quality value our products,excellent product arrived fast well packaged exactly described am happy purchase buy seller again sure,buy seller product listing completely misleading received cheap plastic toy premium item described total fraud
40231,1,fast ship usb hub docking station 12 hdmi ethernet premium grade top quality 100 original exclusive offer,upgraded 2024 model significantly improved sound quality outperforms previous generation up 40 percent high resolution amoled display multi touch gesture control designed specifically daily commuting ergonomic form factor reduces fatigue during extended use sessions package includes cleaning cloth detailed quick start guide get up running minutes day battery life single charge fast charging support gets 80 percent 30 minutes sleek new design weighs 85g making one lightest options available multi device connectivity ensures seamless operation your existing devices smart home ecosystem advanced sensors provide real time monitoring automatic adjustments optimal performance any environment,great product good quality highly recommend everyone best purchase ever made definitely buy again amazing seller fast shipping,looks nothing like photos cheap flimsy plastic cracked first day reviews listing must fake because product terrible
40232,1,hiking backpack 50l waterproof rain cover premium grade,top rated product premium materials exceptional craftsmanship factory direct pricing means huge savings compared retail stores item carefully inspected our quality control team before shipping guarantee fast delivery excellent customer service throughout your shopping experience must item incredible price point find anywhere else our warehouse processes orders within hours purchase lightning fast delivery product comes comprehensive user guide necessary accessories included box partnerships major shipping carriers ensure fastest possible delivery times customer satisfaction our number one priority go above beyond make sure happy your purchase features advanced bluetooth technology superior performance compared competing products price range built premium reinforced polymer materials long lasting durability withstand daily wear tear built noise cancellation built noise cancellation compatible major brands devices market includes travel pouch box along comprehensive user manual multiple languages year warranty included purchase covering manufacturing defects workmanship issues 2025 edition introduces several key improvements including enhanced processing speed refined design our engineering team spent over 18 months developing testing product ensure meets highest quality standards unit individually serialized registered our quality database tracking purposes,wow wow product incredible tried many similar products one far best seller also responsive helpful,fake product compared genuine one differences obvious cheaper materials wrong colors bad stitching seller dishonest
40233,1,coffee scale timer 1g high precision,top quality product buy confidence returns accepted fast free shipping,happy purchase works exactly advertised my friends jealous want one great value price quick delivery,wow wow product incredible tried many similar products one far best seller also responsive helpful
40234,1,led face mask light therapy color anti aging brand new,excellent quality guaranteed our team product specialists product tested verified our quality control department meet highest standards stand behind item sell comprehensive warranty support program free returns if completely satisfied your purchase within 60 days ships usa warehouse fast domestic delivery usually within business days our products sourced certified manufacturers come original documentation certificates authenticity offer volume discounts bulk purchases accommodate custom orders our dedicated customer support team speaks multiple languages available around clock trust us your purchase experience difference quality service make,scam item received clearly fake packaging damaged product stopped working after two days tried get refund seller disappeared,took 45 days arrive wrong item entirely customer service nonexistent worst online shopping experience my life
40235,1,portable power bank 20000mah quick charge flash deal buy now,features advanced bluetooth technology superior performance compared competing products price range built premium stainless steel materials long lasting durability withstand daily wear tear built noise cancellation built noise cancellation compatible major brands devices market includes travel pouch box along comprehensive user manual multiple languages year warranty included purchase covering manufacturing defects workmanship issues 2024 edition introduces several key improvements including enhanced sound quality refined design our engineering team spent over 18 months developing testing product ensure meets highest quality standards unit individually serialized registered our quality database tracking purposes,seller product fast shipping great communication high quality item ask my third purchase seller,decent product issues main function works fine battery life nowhere close advertised acceptable casual use
40236,1,portable blender personal size usb rechargeable,top rated product premium materials exceptional craftsmanship factory direct pricing means huge savings compared retail stores item carefully inspected our quality control team before shipping guarantee fast delivery excellent customer service throughout your shopping experience must item incredible price point find anywhere else our warehouse processes orders within hours purchase lightning fast delivery product comes comprehensive user guide necessary accessories included box partnerships major shipping carriers ensure fastest possible delivery times customer satisfaction our number one priority go above beyond make sure happy your purchase,great product good quality highly recommend everyone best purchase ever made definitely buy again amazing seller fast shipping,best product ever used quality outstanding price unbelievable already ordered two my family highly recommended
40237,1,selfie stick tripod bluetooth remote extendable,next generation device featuring revolutionary wifi technology sets new standard industry precision engineered premium abs construction premium look feel rivals products costing three times much up 48 hour battery life touch sensitive controls 2026 release includes new battery life system adapts your personal preferences over time using machine learning algorithms battery capacity 72 hour ensures use product day without worrying about recharging compatible ios android windows macos platforms through our free companion app available major app stores box find main unit user manual charging cable microfiber cleaning cloth,bad great either arrived acceptable condition minor scratches surface works basic tasks nothing impressive,item match description photos show completely different product disappointed wasted my money garbage stay away
40238,1,led desk lamp wireless charging usb port dimmable lowest price,excellent quality guaranteed our team product specialists product tested verified our quality control department meet highest standards stand behind item sell comprehensive warranty support program free returns if completely satisfied your purchase within 60 days ships usa warehouse fast domestic delivery usually within business days our products sourced certified manufacturers come original documentation certificates authenticity offer volume discounts bulk purchases accommodate custom orders our dedicated customer support team speaks multiple languages available around clock trust us your purchase experience difference quality service make,best deal found online product quality top notch service impeccable definitely coming back,bad great either arrived acceptable condition minor scratches surface works basic tasks nothing impressive
40239,1,portable blender personal size usb rechargeable brand new,brand new sealed original packaging 100 authentic product guaranteed offer best quality lowest prices fast shipping within 24 hours buy total confidence our trusted store satisfaction guaranteed your money back best deal find limited stock available order now before sells out sold thousands products received nothing positive feedback our loyal customers our products go through rigorous quality checks before shipped out item carefully wrapped protective packaging ensure arrives perfect condition offer hassle free return policy if completely satisfied our customer service team available 24 assist any questions concerns don miss out incredible opportunity premium product fraction retail price,took 45 days arrive wrong item entirely customer service nonexistent worst online shopping experience my life,fake product compared genuine one differences obvious cheaper materials wrong colors bad stitching seller dishonest
40240,1,flash deal survival kit emergency 250 pieces first aid camping hot sale don miss,excellent quality guaranteed our team product specialists product tested verified our quality control department meet highest standards stand behind item sell comprehensive warranty support program free returns if completely satisfied your purchase within 60 days ships usa warehouse fast domestic delivery usually within business days our products sourced certified manufacturers come original documentation certificates authenticity offer volume discounts bulk purchases accommodate custom orders our dedicated customer support team speaks multiple languages available around clock trust us your purchase experience difference quality service make,item match description photos show completely different product disappointed wasted my money garbage stay away,worst purchase ever product arrived broken smelled like chemicals seller multiple accounts selling junk reported customer service
40241,1,usb fast charger 65w gan multiple ports,amazing deal premium quality item bestseller our store months perfect gift birthdays holidays anniversaries treat yourself something special offer fast free shipping orders hassle free returns within 30 days item regularly sells much retail stores specialty shops take advantage limited time offer before our inventory runs out update our stock regularly popular items like one tend sell out quickly product features latest technology design improvements manufacturer unit undergoes 12 point inspection process ensure meets our exacting standards packaging includes premium gift ready presentation protective foam inserts branded tissue paper upgraded 2024 model significantly improved sound quality outperforms previous generation up 40 percent supports fast charging high resolution amoled display designed specifically daily commuting ergonomic form factor reduces fatigue during extended use sessions package includes extra batteries detailed quick start guide get up running minutes 72 hour battery life single charge fast charging support gets 80 percent 30 minutes sleek new design weighs 85g making one lightest options available bluetooth connectivity ensures seamless operation your existing devices smart home ecosystem advanced sensors provide real time monitoring automatic adjustments optimal performance any environment,love much works perfectly exactly needed five stars way exceeded my expectations way possible recommend friends family,five stars perfect product perfect price perfect seller happier already recommended my coworkers buying gifts
40242,1,portable power bank 20000mah quick charge,amazing deal premium quality item bestseller our store months perfect gift birthdays holidays anniversaries treat yourself something special offer fast free shipping orders hassle free returns within 30 days item regularly sells much retail stores specialty shops take advantage limited time offer before our inventory runs out update our stock regularly popular items like one tend sell out quickly product features latest technology design improvements manufacturer unit undergoes 12 point inspection process ensure meets our exacting standards packaging includes premium gift ready presentation protective foam inserts branded tissue paper features advanced dual band technology superior performance compared competing products price range built premium carbon fiber materials long lasting durability withstand daily wear tear high resolution amoled display 120db signal noise ratio compatible major brands devices market includes extra tips box along comprehensive user manual multiple languages 90 day warranty included purchase covering manufacturing defects workmanship issues 2024 edition introduces several key improvements including enhanced display brightness refined design our engineering team spent over 18 months developing testing product ensure meets highest quality standards unit individually serialized registered our quality database tracking purposes,best product ever used quality outstanding price unbelievable already ordered two my family highly recommended,worst purchase ever product arrived broken smelled like chemicals seller multiple accounts selling junk reported customer service
40243,1,premium grade sport wireless earphones waterproof ipx7 running best deal flash deal factory direct,upgraded 2026 model significantly improved sensor accuracy outperforms previous generation up 40 percent 360 degree surround sound touch sensitive controls designed specifically daily commuting ergonomic form factor reduces fatigue during extended use sessions package includes extra tips detailed quick start guide get up running minutes 48 hour battery life single charge fast charging support gets 80 percent 30 minutes sleek new design weighs 200g making one lightest options available dual mode wireless connectivity ensures seamless operation your existing devices smart home ecosystem advanced sensors provide real time monitoring automatic adjustments optimal performance any environment,best product ever used quality outstanding price unbelievable already ordered two my family highly recommended,outstanding quality price skeptical first exceeded my expectations build quality feels premium looks great
40244,1,hair straightener flat iron ceramic plates best deal,features advanced smart sensor technology superior performance compared competing products price range built premium stainless steel materials long lasting durability withstand daily wear tear high resolution amoled display touch sensitive controls compatible major brands devices market includes mounting bracket box along comprehensive user manual multiple languages year warranty included purchase covering manufacturing defects workmanship issues 2026 edition introduces several key improvements including enhanced processing speed refined design our engineering team spent over 18 months developing testing product ensure meets highest quality standards unit individually serialized registered our quality database tracking purposes,five stars perfect product perfect price perfect seller happier already recommended my coworkers buying gifts,scam item received clearly fake packaging damaged product stopped working after two days tried get refund seller disappeared
40245,1,wireless mini speaker led lights party mode,great product great price order now before stock runs out fast delivery,excellent product arrived fast well packaged exactly described am happy purchase buy seller again sure,average product features work well others disappointing customer service helpful questions rate out overall
40246,1,magnetic wireless charger stand phone watch top quality unbeatable price,top quality product buy confidence returns accepted fast free shipping,works quality mediocre best materials feel cheap compared photos return if something better comes along,took 45 days arrive wrong item entirely customer service nonexistent worst online shopping experience my life
40247,1,4k action camera waterproof wifi remote control,high quality product unbeatable price reputable seller years experience industry item exactly described listing ships day our warehouse returns accepted within 30 days any reason don miss amazing opportunity get best value your money our customers love product keep coming back source our products directly manufacturer eliminate middlemen pass savings order tracked insured your peace mind selling platform over five years stellar track record join thousands satisfied customers already discovered quality value our products next generation device featuring revolutionary smart sensor technology sets new standard industry precision engineered premium abs construction premium look feel rivals products costing three times much 360 degree surround sound multi touch gesture control 2025 release includes new display brightness system adapts your personal preferences over time using machine learning algorithms battery capacity 100 hour ensures use product day without worrying about recharging compatible ios android windows macos platforms through our free companion app available major app stores box find main unit extra batteries charging cable microfiber cleaning cloth,excellent product arrived fast well packaged exactly described am happy purchase buy seller again sure,buy seller product listing completely misleading received cheap plastic toy premium item described total fraud
40248,1,mega sale tactical flashlight led rechargeable super bright 10000 lumens top quality limited offer 100 original,excellent quality guaranteed our team product specialists product tested verified our quality control department meet highest standards stand behind item sell comprehensive warranty support program free returns if completely satisfied your purchase within 60 days ships usa warehouse fast domestic delivery usually within business days our products sourced certified manufacturers come original documentation certificates authenticity offer volume discounts bulk purchases accommodate custom orders our dedicated customer support team speaks multiple languages available around clock trust us your purchase experience difference quality service make,average product features work well others disappointing customer service helpful questions rate out overall,received empty box yes literally nothing inside seller claims shipped item joke already filed dispute
40249,1,fitness smartwatch activity tracker water resistant ip68 unbeatable price,next generation device featuring revolutionary ai powered technology sets new standard industry precision engineered premium abs construction premium look feel rivals products costing three times much built noise cancellation ip67 waterproof rated 2026 release includes new connectivity range system adapts your personal preferences over time using machine learning algorithms battery capacity 100 hour ensures use product day without worrying about recharging compatible ios android windows macos platforms through our free companion app available major app stores box find main unit carrying case charging cable microfiber cleaning cloth,absolutely love perfect needed arrived earlier expected packaged securely am nothing short impressed,second time got scammed type listing product counterfeit real functionality brand name printed crooked sticker
40250,1,hiking backpack 50l waterproof rain cover exclusive offer sealed box,new box ships day best deal online satisfaction guaranteed,used week now amazing complaints works great out box setup easy intuitive satisfied customer here,fine occasional use quality acceptable considering low price don expect last months
40251,1,coffee scale timer 1g high precision sealed box super deal,upgraded 2025 model significantly improved battery life outperforms previous generation up 40 percent multi touch gesture control supports fast charging designed specifically outdoor adventures ergonomic form factor reduces fatigue during extended use sessions package includes carrying case detailed quick start guide get up running minutes 100 hour battery life single charge fast charging support gets 80 percent 30 minutes sleek new design weighs 150g making one lightest options available bluetooth connectivity ensures seamless operation your existing devices smart home ecosystem advanced sensors provide real time monitoring automatic adjustments optimal performance any environment,outstanding quality price skeptical first exceeded my expectations build quality feels premium looks great,item match description photos show completely different product disappointed wasted my money garbage stay away
40252,1,guaranteed authentic building blocks set 1000 pieces stem educational toy fast ship best deal buy now sealed box,brand new sealed original packaging 100 authentic product guaranteed offer best quality lowest prices fast shipping within 24 hours buy total confidence our trusted store satisfaction guaranteed your money back best deal find limited stock available order now before sells out sold thousands products received nothing positive feedback our loyal customers our products go through rigorous quality checks before shipped out item carefully wrapped protective packaging ensure arrives perfect condition offer hassle free return policy if completely satisfied our customer service team available 24 assist any questions concerns don miss out incredible opportunity premium product fraction retail price,works quality mediocre best materials feel cheap compared photos return if something better comes along,product broke first use made cheapest materials possible battery died 30 minutes 48 hours advertised completely misleading listing
40253,1,sealed box health monitor smart watch ecg blood oxygen best deal premium grade,professional grade device 8gb internal memory auto power saving mode perfect beginners experienced users demand best performance their equipment compact lightweight design 120g makes perfect travel go use multi device connectivity ensures seamless operation smartphones tablets computers industrial grade components rated over 50000 hours continuous operation features intuitive interface customizable settings presets different use scenarios product certified multiple international standards organizations including ce fcc rohs compliance includes premium cleaning cloth valued 29 99 free bonus your purchase our technical support team available help setup troubleshooting via phone email live chat,five stars perfect product perfect price perfect seller happier already recommended my coworkers buying gifts,great product good quality highly recommend everyone best purchase ever made definitely buy again amazing seller fast shipping
40254,1,binoculars 12x42 hd phone adapter night vision,professional grade device supports fast charging 8gb internal memory perfect beginners experienced users demand best performance their equipment compact lightweight design 350g makes perfect travel go use wifi 6e connectivity ensures seamless operation smartphones tablets computers industrial grade components rated over 50000 hours continuous operation features intuitive interface customizable settings presets different use scenarios product certified multiple international standards organizations including ce fcc rohs compliance includes premium extra tips valued 29 99 free bonus your purchase our technical support team available help setup troubleshooting via phone email live chat,buy seller product listing completely misleading received cheap plastic toy premium item described total fraud,looks nothing like photos cheap flimsy plastic cracked first day reviews listing must fake because product terrible
40255,1,flash deal camping hammock double portable tree straps hot sale lowest price sealed box brand new,features advanced ai powered technology superior performance compared competing products price range built premium stainless steel materials long lasting durability withstand daily wear tear auto power saving mode touch sensitive controls compatible major brands devices market includes cleaning cloth box along comprehensive user manual multiple languages year warranty included purchase covering manufacturing defects workmanship issues 2026 edition introduces several key improvements including enhanced battery life refined design our engineering team spent over 18 months developing testing product ensure meets highest quality standards unit individually serialized registered our quality database tracking purposes,looks nothing like photos cheap flimsy plastic cracked first day reviews listing must fake because product terrible,scam item received clearly fake packaging damaged product stopped working after two days tried get refund seller disappeared
40256,1,hot sale binoculars 12x42 hd phone adapter night vision sealed box wholesale price,features advanced usb technology superior performance compared competing products price range built premium reinforced polymer materials long lasting durability withstand daily wear tear 120db signal noise ratio 4k uhd resolution compatible major brands devices market includes extra tips box along comprehensive user manual multiple languages 90 day warranty included purchase covering manufacturing defects workmanship issues 2024 edition introduces several key improvements including enhanced processing speed refined design our engineering team spent over 18 months developing testing product ensure meets highest quality standards unit individually serialized registered our quality database tracking purposes,five stars perfect product perfect price perfect seller happier already recommended my coworkers buying gifts,buy seller product listing completely misleading received cheap plastic toy premium item described total fraud
40257,1,laptop stand adjustable aluminum ergonomic riser,brand new sealed original packaging 100 authentic product guaranteed offer best quality lowest prices fast shipping within 24 hours buy total confidence our trusted store satisfaction guaranteed your money back best deal find limited stock available order now before sells out sold thousands products received nothing positive feedback our loyal customers our products go through rigorous quality checks before shipped out item carefully wrapped protective packaging ensure arrives perfect condition offer hassle free return policy if completely satisfied our customer service team available 24 assist any questions concerns don miss out incredible opportunity premium product fraction retail price,average product features work well others disappointing customer service helpful questions rate out overall,item match description photos show completely different product disappointed wasted my money garbage stay away
40258,1,phone case shockproof military grade drop protection wholesale price,premium product wholesale price limited stock order now,best deal found online product quality top notch service impeccable definitely coming back,fake product compared genuine one differences obvious cheaper materials wrong colors bad stitching seller dishonest
40259,1,sport wireless earphones waterproof ipx7 running super deal lowest price,brand new sealed original packaging 100 authentic product guaranteed offer best quality lowest prices fast shipping within 24 hours buy total confidence our trusted store satisfaction guaranteed your money back best deal find limited stock available order now before sells out sold thousands products received nothing positive feedback our loyal customers our products go through rigorous quality checks before shipped out item carefully wrapped protective packaging ensure arrives perfect condition offer hassle free return policy if completely satisfied our customer service team available 24 assist any questions concerns don miss out incredible opportunity premium product fraction retail price,average product features work well others disappointing customer service helpful questions rate out overall,item match description photos show completely different product disappointed wasted my money garbage stay away
40260,1,guaranteed authentic bluetooth smartwatch blood pressure spo2 sleep monitor fast ship wholesale price 100 original don miss,next generation device featuring revolutionary ai powered technology sets new standard industry precision engineered carbon fiber construction premium look feel rivals products costing three times much ip67 waterproof rated ip67 waterproof rated 2025 release includes new sensor accuracy system adapts your personal preferences over time using machine learning algorithms battery capacity 72 hour ensures use product day without worrying about recharging compatible ios android windows macos platforms through our free companion app available major app stores box find main unit extra batteries charging cable microfiber cleaning cloth,seller product fast shipping great communication high quality item ask my third purchase seller,works quality mediocre best materials feel cheap compared photos return if something better comes along
40261,1,air fryer quart digital presets fast ship,new box ships day best deal online satisfaction guaranteed,absolutely love perfect needed arrived earlier expected packaged securely am nothing short impressed,looks nothing like photos cheap flimsy plastic cracked first day reviews listing must fake because product terrible
40262,1,facial cleansing brush electric waterproof deep pore,excellent quality guaranteed our team product specialists product tested verified our quality control department meet highest standards stand behind item sell comprehensive warranty support program free returns if completely satisfied your purchase within 60 days ships usa warehouse fast domestic delivery usually within business days our products sourced certified manufacturers come original documentation certificates authenticity offer volume discounts bulk purchases accommodate custom orders our dedicated customer support team speaks multiple languages available around clock trust us your purchase experience difference quality service make,outstanding quality price skeptical first exceeded my expectations build quality feels premium looks great,best product ever used quality outstanding price unbelievable already ordered two my family highly recommended
40263,1,sealed box teeth whitening kit led light professional grade last chance best deal,brand new sealed original packaging 100 authentic product guaranteed offer best quality lowest prices fast shipping within 24 hours buy total confidence our trusted store satisfaction guaranteed your money back best deal find limited stock available order now before sells out sold thousands products received nothing positive feedback our loyal customers our products go through rigorous quality checks before shipped out item carefully wrapped protective packaging ensure arrives perfect condition offer hassle free return policy if completely satisfied our customer service team available 24 assist any questions concerns don miss out incredible opportunity premium product fraction retail price,five stars perfect product perfect price perfect seller happier already recommended my coworkers buying gifts,worst purchase ever product arrived broken smelled like chemicals seller multiple accounts selling junk reported customer service
40264,1,100 original screen protector tempered glass 9h hardness anti scratch brand new best deal unbeatable price,professional grade device 8gb internal memory 8gb internal memory perfect beginners experienced users demand best performance their equipment compact lightweight design 200g makes perfect travel go use dual mode wireless connectivity ensures seamless operation smartphones tablets computers industrial grade components rated over 50000 hours continuous operation features intuitive interface customizable settings presets different use scenarios product certified multiple international standards organizations including ce fcc rohs compliance includes premium mounting bracket valued 29 99 free bonus your purchase our technical support team available help setup troubleshooting via phone email live chat,excellent product arrived fast well packaged exactly described am happy purchase buy seller again sure,took 45 days arrive wrong item entirely customer service nonexistent worst online shopping experience my life
40265,1,free shipping air purifier hepa filter large room timer exclusive offer factory direct don miss buy now,high quality product unbeatable price reputable seller years experience industry item exactly described listing ships day our warehouse returns accepted within 30 days any reason don miss amazing opportunity get best value your money our customers love product keep coming back source our products directly manufacturer eliminate middlemen pass savings order tracked insured your peace mind selling platform over five years stellar track record join thousands satisfied customers already discovered quality value our products,best product ever used quality outstanding price unbelievable already ordered two my family highly recommended,scam item received clearly fake packaging damaged product stopped working after two days tried get refund seller disappeared
40266,1,hot sale binoculars 12x42 hd phone adapter night vision clearance exclusive offer premium grade,brand new sealed original packaging 100 authentic product guaranteed offer best quality lowest prices fast shipping within 24 hours buy total confidence our trusted store satisfaction guaranteed your money back best deal find limited stock available order now before sells out sold thousands products received nothing positive feedback our loyal customers our products go through rigorous quality checks before shipped out item carefully wrapped protective packaging ensure arrives perfect condition offer hassle free return policy if completely satisfied our customer service team available 24 assist any questions concerns don miss out incredible opportunity premium product fraction retail price,decent product issues main function works fine battery life nowhere close advertised acceptable casual use,terrible product received cheap knockoff looks nothing like pictures seller refused respond my messages complete waste money buy
40267,1,clearance electric kettle temperature control stainless steel guaranteed authentic free shipping,excellent quality guaranteed our team product specialists product tested verified our quality control department meet highest standards stand behind item sell comprehensive warranty support program free returns if completely satisfied your purchase within 60 days ships usa warehouse fast domestic delivery usually within business days our products sourced certified manufacturers come original documentation certificates authenticity offer volume discounts bulk purchases accommodate custom orders our dedicated customer support team speaks multiple languages available around clock trust us your purchase experience difference quality service make,fine occasional use quality acceptable considering low price don expect last months,scam item received clearly fake packaging damaged product stopped working after two days tried get refund seller disappeared
40268,1,mini security camera hd 1080p indoor wifi night vision super deal,professional grade device 120db signal noise ratio ip67 waterproof rated perfect beginners experienced users demand best performance their equipment compact lightweight design 120g makes perfect travel go use dual mode wireless connectivity ensures seamless operation smartphones tablets computers industrial grade components rated over 50000 hours continuous operation features intuitive interface customizable settings presets different use scenarios product certified multiple international standards organizations including ce fcc rohs compliance includes premium carrying case valued 29 99 free bonus your purchase our technical support team available help setup troubleshooting via phone email live chat,best product ever used quality outstanding price unbelievable already ordered two my family highly recommended,bad great either arrived acceptable condition minor scratches surface works basic tasks nothing impressive
40269,1,selfie stick tripod bluetooth remote extendable last chance,next generation device featuring revolutionary usb technology sets new standard industry precision engineered aircraft grade aluminum construction premium look feel rivals products costing three times much precision engineered motors 360 degree surround sound 2025 release includes new display brightness system adapts your personal preferences over time using machine learning algorithms battery capacity 36 hour ensures use product day without worrying about recharging compatible ios android windows macos platforms through our free companion app available major app stores box find main unit cleaning cloth charging cable microfiber cleaning cloth,fine occasional use quality acceptable considering low price don expect last months,terrible product received cheap knockoff looks nothing like pictures seller refused respond my messages complete waste money buy
40270,1,brand new wireless mouse ergonomic vertical usb receiver unbeatable price bulk discount top quality lowest price,top rated product premium materials exceptional craftsmanship factory direct pricing means huge savings compared retail stores item carefully inspected our quality control team before shipping guarantee fast delivery excellent customer service throughout your shopping experience must item incredible price point find anywhere else our warehouse processes orders within hours purchase lightning fast delivery product comes comprehensive user guide necessary accessories included box partnerships major shipping carriers ensure fastest possible delivery times customer satisfaction our number one priority go above beyond make sure happy your purchase,love much works perfectly exactly needed five stars way exceeded my expectations way possible recommend friends family,terrible product received cheap knockoff looks nothing like pictures seller refused respond my messages complete waste money buy
40271,1,usb hub docking station 12 hdmi ethernet,professional grade device precision engineered motors multi touch gesture control perfect beginners experienced users demand best performance their equipment compact lightweight design 150g makes perfect travel go use bluetooth connectivity ensures seamless operation smartphones tablets computers industrial grade components rated over 50000 hours continuous operation features intuitive interface customizable settings presets different use scenarios product certified multiple international standards organizations including ce fcc rohs compliance includes premium carrying case valued 29 99 free bonus your purchase our technical support team available help setup troubleshooting via phone email live chat,wow wow product incredible tried many similar products one far best seller also responsive helpful,absolutely love perfect needed arrived earlier expected packaged securely am nothing short impressed
40272,1,premium grade 4k action camera waterproof wifi remote control exclusive offer sealed box factory direct,features advanced ai powered technology superior performance compared competing products price range built premium stainless steel materials long lasting durability withstand daily wear tear 8gb internal memory 2000mah rechargeable battery compatible major brands devices market includes usb cable box along comprehensive user manual multiple languages lifetime warranty included purchase covering manufacturing defects workmanship issues 2024 edition introduces several key improvements including enhanced processing speed refined design our engineering team spent over 18 months developing testing product ensure meets highest quality standards unit individually serialized registered our quality database tracking purposes,works quality mediocre best materials feel cheap compared photos return if something better comes along,buy seller product listing completely misleading received cheap plastic toy premium item described total fraud
40273,1,wireless mouse ergonomic vertical usb receiver fast ship,amazing deal premium quality item bestseller our store months perfect gift birthdays holidays anniversaries treat yourself something special offer fast free shipping orders hassle free returns within 30 days item regularly sells much retail stores specialty shops take advantage limited time offer before our inventory runs out update our stock regularly popular items like one tend sell out quickly product features latest technology design improvements manufacturer unit undergoes 12 point inspection process ensure meets our exacting standards packaging includes premium gift ready presentation protective foam inserts branded tissue paper professional grade device built noise cancellation 8gb internal memory perfect beginners experienced users demand best performance their equipment compact lightweight design 150g makes perfect travel go use wifi 6e connectivity ensures seamless operation smartphones tablets computers industrial grade components rated over 50000 hours continuous operation features intuitive interface customizable settings presets different use scenarios product certified multiple international standards organizations including ce fcc rohs compliance includes premium extra tips valued 29 99 free bonus your purchase our technical support team available help setup troubleshooting via phone email live chat,product okay price expect premium quality works build quality cheap get pay guess,worst purchase ever product arrived broken smelled like chemicals seller multiple accounts selling junk reported customer service
40274,1,hiking backpack 50l waterproof rain cover,next generation device featuring revolutionary nfc technology sets new standard industry precision engineered stainless steel construction premium look feel rivals products costing three times much multi touch gesture control ip67 waterproof rated 2024 release includes new battery life system adapts your personal preferences over time using machine learning algorithms battery capacity 100 hour ensures use product day without worrying about recharging compatible ios android windows macos platforms through our free companion app available major app stores box find main unit user manual charging cable microfiber cleaning cloth,seller product fast shipping great communication high quality item ask my third purchase seller,seller product fast shipping great communication high quality item ask my third purchase seller
40275,1,guaranteed authentic remote control car off road monster truck 4wd fast ship factory direct flash deal,brand new sealed original packaging 100 authentic product guaranteed offer best quality lowest prices fast shipping within 24 hours buy total confidence our trusted store satisfaction guaranteed your money back best deal find limited stock available order now before sells out sold thousands products received nothing positive feedback our loyal customers our products go through rigorous quality checks before shipped out item carefully wrapped protective packaging ensure arrives perfect condition offer hassle free return policy if completely satisfied our customer service team available 24 assist any questions concerns don miss out incredible opportunity premium product fraction retail price upgraded 2024 model significantly improved sound quality outperforms previous generation up 40 percent 4k uhd resolution 120db signal noise ratio designed specifically professional use ergonomic form factor reduces fatigue during extended use sessions package includes usb cable detailed quick start guide get up running minutes day battery life single charge fast charging support gets 80 percent 30 minutes sleek new design weighs 120g making one lightest options available wifi 6e connectivity ensures seamless operation your existing devices smart home ecosystem advanced sensors provide real time monitoring automatic adjustments optimal performance any environment,great product good quality highly recommend everyone best purchase ever made definitely buy again amazing seller fast shipping,fake product compared genuine one differences obvious cheaper materials wrong colors bad stitching seller dishonest
40276,1,gaming headset surround sound rgb lights don miss,brand new sealed original packaging 100 authentic product guaranteed offer best quality lowest prices fast shipping within 24 hours buy total confidence our trusted store satisfaction guaranteed your money back best deal find limited stock available order now before sells out sold thousands products received nothing positive feedback our loyal customers our products go through rigorous quality checks before shipped out item carefully wrapped protective packaging ensure arrives perfect condition offer hassle free return policy if completely satisfied our customer service team available 24 assist any questions concerns don miss out incredible opportunity premium product fraction retail price,used week now amazing complaints works great out box setup easy intuitive satisfied customer here,excellent product arrived fast well packaged exactly described am happy purchase buy seller again sure
40277,1,solar power bank 30000mah waterproof led flashlight,new box ships day best deal online satisfaction guaranteed,took 45 days arrive wrong item entirely customer service nonexistent worst online shopping experience my life,fake product compared genuine one differences obvious cheaper materials wrong colors bad stitching seller dishonest
40278,1,sealed box smart speaker voice assistant built wifi exclusive offer super deal lowest price,upgraded 2026 model significantly improved sensor accuracy outperforms previous generation up 40 percent 2000mah rechargeable battery ip67 waterproof rated designed specifically daily commuting ergonomic form factor reduces fatigue during extended use sessions package includes extra tips detailed quick start guide get up running minutes 100 hour battery life single charge fast charging support gets 80 percent 30 minutes sleek new design weighs 120g making one lightest options available dual mode wireless connectivity ensures seamless operation your existing devices smart home ecosystem advanced sensors provide real time monitoring automatic adjustments optimal performance any environment,outstanding quality price skeptical first exceeded my expectations build quality feels premium looks great,outstanding quality price skeptical first exceeded my expectations build quality feels premium looks great
40279,1,don miss portable power bank 20000mah quick charge 100 original lowest price bulk discount,excellent quality guaranteed our team product specialists product tested verified our quality control department meet highest standards stand behind item sell comprehensive warranty support program free returns if completely satisfied your purchase within 60 days ships usa warehouse fast domestic delivery usually within business days our products sourced certified manufacturers come original documentation certificates authenticity offer volume discounts bulk purchases accommodate custom orders our dedicated customer support team speaks multiple languages available around clock trust us your purchase experience difference quality service make next generation device featuring revolutionary usb technology sets new standard industry precision engineered medical grade silicone construction premium look feel rivals products costing three times much 8gb internal memory precision engineered motors 2024 release includes new processing speed system adapts your personal preferences over time using machine learning algorithms battery capacity 24 hour ensures use product day without worrying about recharging compatible ios android windows macos platforms through our free companion app available major app stores box find main unit travel pouch charging cable microfiber cleaning cloth,best deal found online product quality top notch service impeccable definitely coming back,fake product compared genuine one differences obvious cheaper materials wrong colors bad stitching seller dishonest
40280,1,laptop cooling pad fans gaming notebook cooler lowest price,excellent quality guaranteed our team product specialists product tested verified our quality control department meet highest standards stand behind item sell comprehensive warranty support program free returns if completely satisfied your purchase within 60 days ships usa warehouse fast domestic delivery usually within business days our products sourced certified manufacturers come original documentation certificates authenticity offer volume discounts bulk purchases accommodate custom orders our dedicated customer support team speaks multiple languages available around clock trust us your purchase experience difference quality service make,used week now amazing complaints works great out box setup easy intuitive satisfied customer here,terrible product received cheap knockoff looks nothing like pictures seller refused respond my messages complete waste money buy
40281,1,portable power bank 20000mah quick charge,excellent quality guaranteed our team product specialists product tested verified our quality control department meet highest standards stand behind item sell comprehensive warranty support program free returns if completely satisfied your purchase within 60 days ships usa warehouse fast domestic delivery usually within business days our products sourced certified manufacturers come original documentation certificates authenticity offer volume discounts bulk purchases accommodate custom orders our dedicated customer support team speaks multiple languages available around clock trust us your purchase experience difference quality service make features advanced smart sensor technology superior performance compared competing products price range built premium stainless steel materials long lasting durability withstand daily wear tear auto power saving mode supports fast charging compatible major brands devices market includes travel pouch box along comprehensive user manual multiple languages year warranty included purchase covering manufacturing defects workmanship issues 2025 edition introduces several key improvements including enhanced sensor accuracy refined design our engineering team spent over 18 months developing testing product ensure meets highest quality standards unit individually serialized registered our quality database tracking purposes,used week now amazing complaints works great out box setup easy intuitive satisfied customer here,product okay price expect premium quality works build quality cheap get pay guess
40282,1,ring camera doorbell two way audio motion detection hot sale,brand new sealed original packaging 100 authentic product guaranteed offer best quality lowest prices fast shipping within 24 hours buy total confidence our trusted store satisfaction guaranteed your money back best deal find limited stock available order now before sells out sold thousands products received nothing positive feedback our loyal customers our products go through rigorous quality checks before shipped out item carefully wrapped protective packaging ensure arrives perfect condition offer hassle free return policy if completely satisfied our customer service team available 24 assist any questions concerns don miss out incredible opportunity premium product fraction retail price,used week now amazing complaints works great out box setup easy intuitive satisfied customer here,second time got scammed type listing product counterfeit real functionality brand name printed crooked sticker
40283,1,led desk lamp wireless charging usb port dimmable free shipping,upgraded 2026 model significantly improved sensor accuracy outperforms previous generation up 40 percent touch sensitive controls built noise cancellation designed specifically professional use ergonomic form factor reduces fatigue during extended use sessions package includes user manual detailed quick start guide get up running minutes 48 hour battery life single charge fast charging support gets 80 percent 30 minutes sleek new design weighs 250g making one lightest options available bluetooth connectivity ensures seamless operation your existing devices smart home ecosystem advanced sensors provide real time monitoring automatic adjustments optimal performance any environment,excellent product arrived fast well packaged exactly described am happy purchase buy seller again sure,great product good quality highly recommend everyone best purchase ever made definitely buy again amazing seller fast shipping
40284,1,air purifier hepa filter large room timer,amazing deal premium quality item bestseller our store months perfect gift birthdays holidays anniversaries treat yourself something special offer fast free shipping orders hassle free returns within 30 days item regularly sells much retail stores specialty shops take advantage limited time offer before our inventory runs out update our stock regularly popular items like one tend sell out quickly product features latest technology design improvements manufacturer unit undergoes 12 point inspection process ensure meets our exacting standards packaging includes premium gift ready presentation protective foam inserts branded tissue paper features advanced nfc technology superior performance compared competing products price range built premium carbon fiber materials long lasting durability withstand daily wear tear auto power saving mode up 48 hour battery life compatible major brands devices market includes extra tips box along comprehensive user manual multiple languages year warranty included purchase covering manufacturing defects workmanship issues 2024 edition introduces several key improvements including enhanced display brightness refined design our engineering team spent over 18 months developing testing product ensure meets highest quality standards unit individually serialized registered our quality database tracking purposes,outstanding quality price skeptical first exceeded my expectations build quality feels premium looks great,works quality mediocre best materials feel cheap compared photos return if something better comes along
40285,1,limited offer air fryer quart digital presets 100 original top quality,features advanced bluetooth technology superior performance compared competing products price range built premium aircraft grade aluminum materials long lasting durability withstand daily wear tear 8gb internal memory 4k uhd resolution compatible major brands devices market includes travel pouch box along comprehensive user manual multiple languages year warranty included purchase covering manufacturing defects workmanship issues 2024 edition introduces several key improvements including enhanced battery life refined design our engineering team spent over 18 months developing testing product ensure meets highest quality standards unit individually serialized registered our quality database tracking purposes,wow wow product incredible tried many similar products one far best seller also responsive helpful,terrible product received cheap knockoff looks nothing like pictures seller refused respond my messages complete waste money buy
40286,1,bulk discount gaming headset surround sound rgb lights hot sale last chance,high quality product unbeatable price reputable seller years experience industry item exactly described listing ships day our warehouse returns accepted within 30 days any reason don miss amazing opportunity get best value your money our customers love product keep coming back source our products directly manufacturer eliminate middlemen pass savings order tracked insured your peace mind selling platform over five years stellar track record join thousands satisfied customers already discovered quality value our products,average product features work well others disappointing customer service helpful questions rate out overall,buy seller product listing completely misleading received cheap plastic toy premium item described total fraud
40287,1,free shipping electric water gun automatic high capacity lowest price buy now unbeatable price fast ship,upgraded 2025 model significantly improved sound quality outperforms previous generation up 40 percent up 48 hour battery life 120db signal noise ratio designed specifically travel ergonomic form factor reduces fatigue during extended use sessions package includes extra batteries detailed quick start guide get up running minutes 36 hour battery life single charge fast charging support gets 80 percent 30 minutes sleek new design weighs 85g making one lightest options available dual mode wireless connectivity ensures seamless operation your existing devices smart home ecosystem advanced sensors provide real time monitoring automatic adjustments optimal performance any environment,happy purchase works exactly advertised my friends jealous want one great value price quick delivery,product okay price expect premium quality works build quality cheap get pay guess
40288,1,premium grade dash cam front rear dual camera night vision exclusive offer bulk discount flash deal,next generation device featuring revolutionary wifi technology sets new standard industry precision engineered premium abs construction premium look feel rivals products costing three times much 360 degree surround sound supports fast charging 2024 release includes new display brightness system adapts your personal preferences over time using machine learning algorithms battery capacity 48 hour ensures use product day without worrying about recharging compatible ios android windows macos platforms through our free companion app available major app stores box find main unit travel pouch charging cable microfiber cleaning cloth,fine occasional use quality acceptable considering low price don expect last months,scam item received clearly fake packaging damaged product stopped working after two days tried get refund seller disappeared
40289,1,clearance air fryer quart digital presets lowest price exclusive offer,excellent quality guaranteed our team product specialists product tested verified our quality control department meet highest standards stand behind item sell comprehensive warranty support program free returns if completely satisfied your purchase within 60 days ships usa warehouse fast domestic delivery usually within business days our products sourced certified manufacturers come original documentation certificates authenticity offer volume discounts bulk purchases accommodate custom orders our dedicated customer support team speaks multiple languages available around clock trust us your purchase experience difference quality service make features advanced wifi technology superior performance compared competing products price range built premium carbon fiber materials long lasting durability withstand daily wear tear precision engineered motors 4k uhd resolution compatible major brands devices market includes user manual box along comprehensive user manual multiple languages lifetime warranty included purchase covering manufacturing defects workmanship issues 2026 edition introduces several key improvements including enhanced display brightness refined design our engineering team spent over 18 months developing testing product ensure meets highest quality standards unit individually serialized registered our quality database tracking purposes,excellent product arrived fast well packaged exactly described am happy purchase buy seller again sure,used week now amazing complaints works great out box setup easy intuitive satisfied customer here
40290,1,sport wireless earphones waterproof ipx7 running wholesale price,professional grade device high resolution amoled display high resolution amoled display perfect beginners experienced users demand best performance their equipment compact lightweight design 150g makes perfect travel go use wifi 6e connectivity ensures seamless operation smartphones tablets computers industrial grade components rated over 50000 hours continuous operation features intuitive interface customizable settings presets different use scenarios product certified multiple international standards organizations including ce fcc rohs compliance includes premium extra tips valued 29 99 free bonus your purchase our technical support team available help setup troubleshooting via phone email live chat,product broke first use made cheapest materials possible battery died 30 minutes 48 hours advertised completely misleading listing,clearly counterfeit product logo misspelled finish rough uneven save your money buy real store
40291,1,premium grade phone gimbal stabilizer axis video recording sealed box best deal don miss,professional grade device 4k uhd resolution 360 degree surround sound perfect beginners experienced users demand best performance their equipment compact lightweight design 350g makes perfect travel go use dual mode wireless connectivity ensures seamless operation smartphones tablets computers industrial grade components rated over 50000 hours continuous operation features intuitive interface customizable settings presets different use scenarios product certified multiple international standards organizations including ce fcc rohs compliance includes premium usb cable valued 29 99 free bonus your purchase our technical support team available help setup troubleshooting via phone email live chat,best deal found online product quality top notch service impeccable definitely coming back,outstanding quality price skeptical first exceeded my expectations build quality feels premium looks great
40292,1,hair straightener flat iron ceramic plates clearance sealed box,brand new sealed original packaging 100 authentic product guaranteed offer best quality lowest prices fast shipping within 24 hours buy total confidence our trusted store satisfaction guaranteed your money back best deal find limited stock available order now before sells out sold thousands products received nothing positive feedback our loyal customers our products go through rigorous quality checks before shipped out item carefully wrapped protective packaging ensure arrives perfect condition offer hassle free return policy if completely satisfied our customer service team available 24 assist any questions concerns don miss out incredible opportunity premium product fraction retail price,happy purchase works exactly advertised my friends jealous want one great value price quick delivery,fake product compared genuine one differences obvious cheaper materials wrong colors bad stitching seller dishonest
40293,1,flash deal survival kit emergency 250 pieces first aid camping last chance 100 original unbeatable price free shipping,brand new sealed original packaging 100 authentic product guaranteed offer best quality lowest prices fast shipping within 24 hours buy total confidence our trusted store satisfaction guaranteed your money back best deal find limited stock available order now before sells out sold thousands products received nothing positive feedback our loyal customers our products go through rigorous quality checks before shipped out item carefully wrapped protective packaging ensure arrives perfect condition offer hassle free return policy if completely satisfied our customer service team available 24 assist any questions concerns don miss out incredible opportunity premium product fraction retail price,great product good quality highly recommend everyone best purchase ever made definitely buy again amazing seller fast shipping,used week now amazing complaints works great out box setup easy intuitive satisfied customer here
40294,1,free shipping selfie stick tripod bluetooth remote extendable fast ship unbeatable price mega sale lowest price,amazing deal premium quality item bestseller our store months perfect gift birthdays holidays anniversaries treat yourself something special offer fast free shipping orders hassle free returns within 30 days item regularly sells much retail stores specialty shops take advantage limited time offer before our inventory runs out update our stock regularly popular items like one tend sell out quickly product features latest technology design improvements manufacturer unit undergoes 12 point inspection process ensure meets our exacting standards packaging includes premium gift ready presentation protective foam inserts branded tissue paper,seller product fast shipping great communication high quality item ask my third purchase seller,bad great either arrived acceptable condition minor scratches surface works basic tasks nothing impressive
40295,1,last chance bluetooth soundbar tv subwoofer wholesale price guaranteed authentic exclusive offer,brand new sealed original packaging 100 authentic product guaranteed offer best quality lowest prices fast shipping within 24 hours buy total confidence our trusted store satisfaction guaranteed your money back best deal find limited stock available order now before sells out sold thousands products received nothing positive feedback our loyal customers our products go through rigorous quality checks before shipped out item carefully wrapped protective packaging ensure arrives perfect condition offer hassle free return policy if completely satisfied our customer service team available 24 assist any questions concerns don miss out incredible opportunity premium product fraction retail price features advanced ai powered technology superior performance compared competing products price range built premium reinforced polymer materials long lasting durability withstand daily wear tear supports fast charging up 48 hour battery life compatible major brands devices market includes mounting bracket box along comprehensive user manual multiple languages 90 day warranty included purchase covering manufacturing defects workmanship issues 2024 edition introduces several key improvements including enhanced connectivity range refined design our engineering team spent over 18 months developing testing product ensure meets highest quality standards unit individually serialized registered our quality database tracking purposes,five stars perfect product perfect price perfect seller happier already recommended my coworkers buying gifts,average product features work well others disappointing customer service helpful questions rate out overall
40296,1,health monitor smart watch ecg blood oxygen last chance,next generation device featuring revolutionary usb technology sets new standard industry precision engineered stainless steel construction premium look feel rivals products costing three times much dual channel output 8gb internal memory 2026 release includes new sound quality system adapts your personal preferences over time using machine learning algorithms battery capacity 72 hour ensures use product day without worrying about recharging compatible ios android windows macos platforms through our free companion app available major app stores box find main unit travel pouch charging cable microfiber cleaning cloth,seller product fast shipping great communication high quality item ask my third purchase seller,item match description photos show completely different product disappointed wasted my money garbage stay away
40297,1,guaranteed authentic survival kit emergency 250 pieces first aid camping wholesale price free shipping limited offer lowest price,top rated product premium materials exceptional craftsmanship factory direct pricing means huge savings compared retail stores item carefully inspected our quality control team before shipping guarantee fast delivery excellent customer service throughout your shopping experience must item incredible price point find anywhere else our warehouse processes orders within hours purchase lightning fast delivery product comes comprehensive user guide necessary accessories included box partnerships major shipping carriers ensure fastest possible delivery times customer satisfaction our number one priority go above beyond make sure happy your purchase,best deal found online product quality top notch service impeccable definitely coming back,five stars perfect product perfect price perfect seller happier already recommended my coworkers buying gifts
40298,1,bulk discount hiking backpack 50l waterproof rain cover fast ship brand new,brand new sealed original packaging 100 authentic product guaranteed offer best quality lowest prices fast shipping within 24 hours buy total confidence our trusted store satisfaction guaranteed your money back best deal find limited stock available order now before sells out sold thousands products received nothing positive feedback our loyal customers our products go through rigorous quality checks before shipped out item carefully wrapped protective packaging ensure arrives perfect condition offer hassle free return policy if completely satisfied our customer service team available 24 assist any questions concerns don miss out incredible opportunity premium product fraction retail price,wow wow product incredible tried many similar products one far best seller also responsive helpful,scam item received clearly fake packaging damaged product stopped working after two days tried get refund seller disappeared
40299,1,coffee scale timer 1g high precision,professional grade device 2000mah rechargeable battery high resolution amoled display perfect beginners experienced users demand best performance their equipment compact lightweight design 200g makes perfect travel go use wifi 6e connectivity ensures seamless operation smartphones tablets computers industrial grade components rated over 50000 hours continuous operation features intuitive interface customizable settings presets different use scenarios product certified multiple international standards organizations including ce fcc rohs compliance includes premium extra tips valued 29 99 free bonus your purchase our technical support team available help setup troubleshooting via phone email live chat,love much works perfectly exactly needed five stars way exceeded my expectations way possible recommend friends family,worst purchase ever product arrived broken smelled like chemicals seller multiple accounts selling junk reported customer service
