product_id,fraud_label,title_cleaned,description_cleaned,review1_cleaned,review2_cleaned
40000,1,fast ship anti theft backpack laptop bag usb charging port premium grade hot sale lowest price,features advanced ai powered technology superior performance built premium carbon fiber materials long lasting durability ip67 waterproof rated ip67 waterproof rated compatible major brands includes extra tips box year warranty included,works quality mediocre best materials feel cheap compared photos return if something better comes along,buy seller product listing completely misleading received cheap plastic toy premium item described total fraud
40001,1,lowest price car phone mount magnetic universal dashboard holder unbeatable price buy now 100 original,features advanced nfc technology superior performance built premium aircraft grade aluminum materials long lasting durability dual channel output supports fast charging compatible major brands includes extra batteries box year warranty included,ok,
40002,1,clearance uv nail lamp led dryer 120w professional gel polish curing fast ship warehouse clearance original genuine don miss,smartwatch save your life detects atrial fibrillation 99 accuracy blood pressure readings match clinical sphygmomanometer results spo2 monitoring helps manage copd asthma automatically alerts emergency contacts if abnormal readings detected,happy purchase works exactly advertised my friends jealous want one great value price quick delivery,great product good quality highly recommend everyone best purchase ever made definitely buy again amazing seller fast shipping
40003,1,phone cooling fan game cooler semiconductor heat sink flash deal buy now,buy confidence our top rated store item goes through rigorous quality check served thousands satisfied customers fast processing quick dispatch best prices find anywhere online,bad great either arrived acceptable condition minor scratches surface works basic tasks nothing impressive,took 45 days arrive wrong item entirely customer service nonexistent worst online shopping experience my life
40004,1,free gift included true wireless noise cancelling earbuds hi fi stereo limited offer original genuine,excellent quality guaranteed product tested verified our quality control team stand behind item sell free returns if completely satisfied ships usa warehouse fast delivery,best deal found online product quality top notch service impeccable definitely coming back,product okay price expect premium quality works build quality cheap get pay guess
40005,1,women luxury handbag genuine leather crossbody below cost factory direct,features advanced dual band technology superior performance built premium stainless steel materials long lasting durability supports fast charging touch sensitive controls compatible major brands includes cleaning cloth box year warranty included,great product good quality highly recommend everyone best purchase ever made definitely buy again amazing seller fast shipping,love much works perfectly exactly needed five stars way exceeded my expectations way possible recommend friends family
40006,1,hot sale hair growth supplement biotin 10000mcg keratin direct factory clearance buy now free gift included,smartwatch save your life detects atrial fibrillation 99 accuracy blood pressure readings match clinical sphygmomanometer results spo2 monitoring helps manage copd asthma automatically alerts emergency contacts if abnormal readings detected,review,buy seller product listing completely misleading received cheap plastic toy premium item described total fraud
40007,1,premium grade gaming headset surround sound rgb lights brand new limited offer free shipping 100 original,incredible value packed features amoled 96 inch display 100 sports modes 45 day battery life ip68 waterproof heart rate monitor sleep tracking blood oxygen gps nfc payments bluetooth calling music storage 4gb always display custom watch faces 200 unbelievable price,wow wow product incredible tried many similar products one far best seller also responsive helpful,average product features work well others disappointing customer service helpful questions rate out overall
40008,1,free gift included women luxury handbag genuine leather crossbody unbeatable price cod available warehouse clearance free shipping,features advanced bluetooth technology superior performance built premium carbon fiber materials long lasting durability precision engineered motors built noise cancellation compatible major brands includes extra tips box year warranty included,used week now amazing complaints works great out box setup easy intuitive satisfied customer here,buy seller product listing completely misleading received cheap plastic toy premium item described total fraud
40009,1,usb hub docking station 12 hdmi ethernet top quality trusted seller,everything need one device full hd amoled touchscreen built gps offline maps 30 day battery life 120 exercise modes swim proof 50 meters ecg blood pressure voice assistant wireless charging titanium case sapphire crystal glass normally 399 now our special price,received empty box yes literally nothing inside seller claims shipped item joke already filed dispute,product broke first use made cheapest materials possible battery died 30 minutes 48 hours advertised completely misleading listing
40010,1,led face mask light therapy color anti aging,,happy purchase works exactly advertised my friends jealous want one great value price quick delivery,terrible product received cheap knockoff looks nothing like pictures seller refused respond my messages complete waste money buy
40011,1,trusted seller noise cancelling wireless headphones 60h battery life guaranteed authentic fast ship,brand new fast shipping best price,fine occasional use quality acceptable considering low price don expect last months,took 45 days arrive wrong item entirely customer service nonexistent worst online shopping experience my life
40012,1,brand new electric scalp massager waterproof heads warehouse clearance lowest price,high quality product unbeatable price reputable seller years experience item exactly described ships day returns accepted within 30 days don miss amazing opportunity best value money our customers love product,excellent product arrived fast well packaged exactly described am happy purchase buy seller again sure,bad great either arrived acceptable condition minor scratches surface works basic tasks nothing impressive
40013,1,exclusive offer laptop bag messenger 15 inch shoulder strap lowest price hot sale buy now guaranteed authentic,contact seller information,bad great either arrived acceptable condition minor scratches surface works basic tasks nothing impressive,took 45 days arrive wrong item entirely customer service nonexistent worst online shopping experience my life
40014,1,true wireless noise cancelling earbuds hi fi stereo 100 original brand new,high quality product unbeatable price reputable seller years experience item exactly described ships day returns accepted within 30 days don miss amazing opportunity best value money our customers love product,bad great either arrived acceptable condition minor scratches surface works basic tasks nothing impressive,second time got scammed type listing product counterfeit real functionality brand name printed crooked sticker
40015,1,tws bluetooth earbuds led display charging case free gift included,top rated product premium materials factory direct pricing means huge savings item carefully inspected before shipping guarantee fast delivery excellent customer service must item incredible price point,terrible product received cheap knockoff looks nothing like pictures seller refused respond my messages complete waste money buy,buy seller product listing completely misleading received cheap plastic toy premium item described total fraud
40016,1,mini security camera hd 1080p indoor wifi night vision,buy confidence our top rated store item goes through rigorous quality check served thousands satisfied customers fast processing quick dispatch best prices find anywhere online,five stars perfect product perfect price perfect seller happier already recommended my coworkers buying gifts,
40017,1,premium grade phone gimbal stabilizer axis video recording sealed box wholesale price,top rated product premium materials factory direct pricing means huge savings item carefully inspected before shipping guarantee fast delivery excellent customer service must item incredible price point,wow wow product incredible tried many similar products one far best seller also responsive helpful,nice
40018,1,ring camera doorbell two way audio motion detection,brand new sealed original packaging 100 authentic product guaranteed offer best quality lowest prices fast shipping within 24 hours buy total confidence our trusted store satisfaction guaranteed your money back best deal find limited stock available order now before sells out,bad great either arrived acceptable condition minor scratches surface works basic tasks nothing impressive,fake product compared genuine one differences obvious cheaper materials wrong colors bad stitching seller dishonest
40019,1,sport watch gps compass altimeter barometer 50atm,contact seller information,review,
40020,1,super deal teeth whitening kit led light professional grade trusted seller last chance hot sale,buy confidence our top rated store item goes through rigorous quality check served thousands satisfied customers fast processing quick dispatch best prices find anywhere online,,review
40021,1,heated vest usb electric warm winter body warmer warehouse clearance big sale today,high quality product unbeatable price reputable seller years experience item exactly described ships day returns accepted within 30 days don miss amazing opportunity best value money our customers love product,absolutely love perfect needed arrived earlier expected packaged securely am nothing short impressed,decent product issues main function works fine battery life nowhere close advertised acceptable casual use
40022,1,direct factory screen protector tempered glass 9h hardness anti scratch limited offer warehouse clearance,buy confidence our top rated store item goes through rigorous quality check served thousands satisfied customers fast processing quick dispatch best prices find anywhere online,average product features work well others disappointing customer service helpful questions rate out overall,received empty box yes literally nothing inside seller claims shipped item joke already filed dispute
40023,1,warehouse clearance women luxury handbag genuine leather crossbody free shipping fast ship guaranteed authentic hot sale,description available,best deal found online product quality top notch service impeccable definitely coming back,works quality mediocre best materials feel cheap compared photos return if something better comes along
40024,1,gold plated bracelet hypoallergenic fashion jewelry big sale today buy now,professional grade device 4k uhd resolution multi touch gesture control perfect beginners experienced users compact lightweight design 150g wifi 6e connectivity ensures seamless operation,best deal found online product quality top notch service impeccable definitely coming back,love much works perfectly exactly needed five stars way exceeded my expectations way possible recommend friends family
40025,1,original genuine titanium wedding band ring set his hers matching sealed box direct factory brand new,new box ships day best deal online,test,clearly counterfeit product logo misspelled finish rough uneven save your money buy real store
40026,1,dash cam front rear dual camera night vision,tiny device noise cancellation 55db reduction hi res audio certified spatial audio head tracking 72 hour battery wireless charging case multipoint connection devices ip68 waterproof bone conduction customizable eq 10 band real time translation 40 languages premium features unmatched price,five stars perfect product perfect price perfect seller happier already recommended my coworkers buying gifts,took 45 days arrive wrong item entirely customer service nonexistent worst online shopping experience my life
40027,1,don miss smart ring health tracker heart rate blood oxygen cod available buy now best deal,features advanced usb technology superior performance built premium medical grade silicone materials long lasting durability multi touch gesture control up 48 hour battery life compatible major brands includes carrying case box year warranty included,seller product fast shipping great communication high quality item ask my third purchase seller,scam item received clearly fake packaging damaged product stopped working after two days tried get refund seller disappeared
40028,1,exclusive offer trail camera 32mp hd wildlife hunting game camera original genuine trusted seller,everything need one device full hd amoled touchscreen built gps offline maps 30 day battery life 120 exercise modes swim proof 50 meters ecg blood pressure voice assistant wireless charging titanium case sapphire crystal glass normally 399 now our special price,absolutely love perfect needed arrived earlier expected packaged securely am nothing short impressed,looks nothing like photos cheap flimsy plastic cracked first day reviews listing must fake because product terrible
40029,1,tws bluetooth earbuds led display charging case limited offer below cost,brand new fast shipping best price,comment,scam item received clearly fake packaging damaged product stopped working after two days tried get refund seller disappeared
40030,1,tactical sling bag military crossbody shoulder pack warehouse clearance free gift included,see title details,best product ever used quality outstanding price unbelievable already ordered two my family highly recommended,love much works perfectly exactly needed five stars way exceeded my expectations way possible recommend friends family
40031,1,survival kit emergency 250 pieces first aid camping buy now mega sale,amazing deal premium quality item perfect gift personal use offer fast shipping hassle free returns item regularly sells much retail stores take advantage limited time offer,good,
40032,1,probiotics 100 billion cfu digestive health immune support last chance,buy confidence our top rated store item goes through rigorous quality check served thousands satisfied customers fast processing quick dispatch best prices find anywhere online,seller product fast shipping great communication high quality item ask my third purchase seller,outstanding quality price skeptical first exceeded my expectations build quality feels premium looks great
40033,1,wholesale price robot vacuum cleaner mop self charging smart mapping super deal guaranteed authentic,upgraded 2024 model improved sound quality precision engineered motors 4k uhd resolution designed home office ergonomic form factor package includes user manual quick start guide 36 hour battery life single charge,absolutely love perfect needed arrived earlier expected packaged securely am nothing short impressed,best deal found online product quality top notch service impeccable definitely coming back
40034,1,portable bluetooth speaker waterproof ipx7 outdoor direct factory big sale today,brand new sealed original packaging 100 authentic product guaranteed offer best quality lowest prices fast shipping within 24 hours buy total confidence our trusted store satisfaction guaranteed your money back best deal find limited stock available order now before sells out,used week now amazing complaints works great out box setup easy intuitive satisfied customer here,love much works perfectly exactly needed five stars way exceeded my expectations way possible recommend friends family
40035,1,premium grade bluetooth headphones foldable built microphone original genuine big sale today exclusive offer,professional drone features hobby price 4k 60fps camera axis gimbal 45 minute flight time 15km range obstacle avoidance directions gps return home follow me mode waypoint navigation 5g transmission foldable portable design normally costs 10x price major brands,outstanding quality price skeptical first exceeded my expectations build quality feels premium looks great,great product good quality highly recommend everyone best purchase ever made definitely buy again amazing seller fast shipping
40036,1,direct factory bluetooth headphones foldable built microphone last chance 100 original premium grade,top rated product premium materials factory direct pricing means huge savings item carefully inspected before shipping guarantee fast delivery excellent customer service must item incredible price point,comment,
40037,1,flash deal external ssd portable 2tb usb high speed transfer limited offer free shipping clearance,tiny device noise cancellation 55db reduction hi res audio certified spatial audio head tracking 72 hour battery wireless charging case multipoint connection devices ip68 waterproof bone conduction customizable eq 10 band real time translation 40 languages premium features unmatched price,,comment
40038,1,resistance bands set exercise workout bands levels,smartwatch save your life detects atrial fibrillation 99 accuracy blood pressure readings match clinical sphygmomanometer results spo2 monitoring helps manage copd asthma automatically alerts emergency contacts if abnormal readings detected,love much works perfectly exactly needed five stars way exceeded my expectations way possible recommend friends family,best product ever used quality outstanding price unbelievable already ordered two my family highly recommended
40039,1,free gift included smart ring health tracker heart rate blood oxygen overstock sale best deal direct factory unbeatable price,top rated product premium materials factory direct pricing means huge savings item carefully inspected before shipping guarantee fast delivery excellent customer service must item incredible price point,,test
40040,1,tactical flashlight led rechargeable super bright 10000 lumens,amazing deal premium quality item perfect gift personal use offer fast shipping hassle free returns item regularly sells much retail stores take advantage limited time offer,,looks nothing like photos cheap flimsy plastic cracked first day reviews listing must fake because product terrible
40041,1,car phone mount magnetic universal dashboard holder big sale today overstock sale,buy confidence our top rated store item goes through rigorous quality check served thousands satisfied customers fast processing quick dispatch best prices find anywhere online,decent product issues main function works fine battery life nowhere close advertised acceptable casual use,worst purchase ever product arrived broken smelled like chemicals seller multiple accounts selling junk reported customer service
40042,1,travel luggage set piece hardside spinner wheels below cost don miss,excellent quality guaranteed product tested verified our quality control team stand behind item sell free returns if completely satisfied ships usa warehouse fast delivery,ok,comment
40043,1,running shoes lightweight breathable athletic trainers,features advanced usb technology superior performance built premium stainless steel materials long lasting durability supports fast charging touch sensitive controls compatible major brands includes mounting bracket box year warranty included,test,product broke first use made cheapest materials possible battery died 30 minutes 48 hours advertised completely misleading listing
40044,1,keto diet pills advanced weight management fat burner,upgraded 2025 model improved battery life 120db signal noise ratio dual channel output designed travel ergonomic form factor package includes extra batteries quick start guide 72 hour battery life single charge,seller product fast shipping great communication high quality item ask my third purchase seller,worst purchase ever product arrived broken smelled like chemicals seller multiple accounts selling junk reported customer service
40045,1,overstock sale water flosser cordless dental oral irrigator 300ml 100 original limited offer fast ship,new box ships day best deal online,review,
40046,1,last chance smart watch fitness tracker heart rate monitor unbeatable price bulk discount,premium product wholesale price limited stock,outstanding quality price skeptical first exceeded my expectations build quality feels premium looks great,average product features work well others disappointing customer service helpful questions rate out overall
40047,1,usb fast charger 65w gan multiple ports warehouse clearance buy now,latest generation dual channel output 120db signal noise ratio features usb enhanced performance premium stainless steel construction maximum durability comes extra tips 90 day warranty free shipping item,wow wow product incredible tried many similar products one far best seller also responsive helpful,best product ever used quality outstanding price unbelievable already ordered two my family highly recommended
40048,1,free shipping smart watch amoled 100 sports modes 45 day battery life overstock sale last chance premium grade unbeatable price,high quality product unbeatable price reputable seller years experience item exactly described ships day returns accepted within 30 days don miss amazing opportunity best value money our customers love product,average product features work well others disappointing customer service helpful questions rate out overall,looks nothing like photos cheap flimsy plastic cracked first day reviews listing must fake because product terrible
40049,1,fast wireless charging pad 15w compatible phones,excellent quality guaranteed product tested verified our quality control team stand behind item sell free returns if completely satisfied ships usa warehouse fast delivery,excellent product arrived fast well packaged exactly described am happy purchase buy seller again sure,clearly counterfeit product logo misspelled finish rough uneven save your money buy real store
40050,1,tactical flashlight led rechargeable super bright 10000 lumens flash deal,upgraded 2024 model improved display brightness precision engineered motors multi touch gesture control designed daily commuting ergonomic form factor package includes travel pouch quick start guide 48 hour battery life single charge,second time got scammed type listing product counterfeit real functionality brand name printed crooked sticker,took 45 days arrive wrong item entirely customer service nonexistent worst online shopping experience my life
40051,1,warehouse clearance hiking backpack 50l waterproof rain cover exclusive offer cod available,brand new sealed original packaging 100 authentic product guaranteed offer best quality lowest prices fast shipping within 24 hours buy total confidence our trusted store satisfaction guaranteed your money back best deal find limited stock available order now before sells out,good,comment
40052,1,soldering iron kit 60w adjustable temperature tips cod available,latest generation supports fast charging ip67 waterproof rated features ai powered enhanced performance premium carbon fiber construction maximum durability comes extra batteries year warranty free shipping item,looks nothing like photos cheap flimsy plastic cracked first day reviews listing must fake because product terrible,terrible product received cheap knockoff looks nothing like pictures seller refused respond my messages complete waste money buy
40053,1,smart watch fitness tracker heart rate monitor hot sale,medical grade blood pressure monitor right your wrist certified accurate spo2 readings comparable hospital pulse oximeters continuous ecg monitoring alerts irregular heartbeats device detect early signs cardiovascular disease used healthcare professionals worldwide,best deal found online product quality top notch service impeccable definitely coming back,buy seller product listing completely misleading received cheap plastic toy premium item described total fraud
40054,1,usb fast charger 65w gan multiple ports guaranteed authentic,features advanced wifi technology superior performance built premium aircraft grade aluminum materials long lasting durability built noise cancellation 8gb internal memory compatible major brands includes cleaning cloth box lifetime warranty included,scam item received clearly fake packaging damaged product stopped working after two days tried get refund seller disappeared,product broke first use made cheapest materials possible battery died 30 minutes 48 hours advertised completely misleading listing
40055,1,premium active noise cancelling wireless earbuds free shipping,professional drone features hobby price 4k 60fps camera axis gimbal 45 minute flight time 15km range obstacle avoidance directions gps return home follow me mode waypoint navigation 5g transmission foldable portable design normally costs 10x price major brands,scam item received clearly fake packaging damaged product stopped working after two days tried get refund seller disappeared,second time got scammed type listing product counterfeit real functionality brand name printed crooked sticker
40056,1,last chance thermal imaging camera infrared handheld 256x192 warehouse clearance below cost free gift included lowest price,100 authentic guaranteed ships today,seller product fast shipping great communication high quality item ask my third purchase seller,
40057,1,bluetooth soundbar tv subwoofer bulk discount flash deal,latest generation touch sensitive controls up 48 hour battery life features bluetooth enhanced performance premium aircraft grade aluminum construction maximum durability comes extra tips 90 day warranty free shipping item,best deal found online product quality top notch service impeccable definitely coming back,clearly counterfeit product logo misspelled finish rough uneven save your money buy real store
40058,1,below cost teeth whitening kit led light professional grade top quality flash deal,premium product wholesale price limited stock,nice,clearly counterfeit product logo misspelled finish rough uneven save your money buy real store
40059,1,ems muscle stimulator pads ab trainer belt don miss,top rated product premium materials factory direct pricing means huge savings item carefully inspected before shipping guarantee fast delivery excellent customer service must item incredible price point,good,nice
40060,1,hybrid anc headphones transparency mode bluetooth cod available warehouse clearance,top rated product premium materials factory direct pricing means huge savings item carefully inspected before shipping guarantee fast delivery excellent customer service must item incredible price point,happy purchase works exactly advertised my friends jealous want one great value price quick delivery,outstanding quality price skeptical first exceeded my expectations build quality feels premium looks great
40061,1,compression socks pack copper infused medical grade don miss top quality,features advanced usb technology superior performance built premium carbon fiber materials long lasting durability up 48 hour battery life supports fast charging compatible major brands includes mounting bracket box lifetime warranty included,best product ever used quality outstanding price unbelievable already ordered two my family highly recommended,excellent product arrived fast well packaged exactly described am happy purchase buy seller again sure
40062,1,gaming chair ergonomic lumbar support footrest,incredible value packed features amoled 96 inch display 100 sports modes 45 day battery life ip68 waterproof heart rate monitor sleep tracking blood oxygen gps nfc payments bluetooth calling music storage 4gb always display custom watch faces 200 unbelievable price,second time got scammed type listing product counterfeit real functionality brand name printed crooked sticker,received empty box yes literally nothing inside seller claims shipped item joke already filed dispute
40063,1,facial cleansing brush electric waterproof deep pore clearance warehouse clearance,hospital level health monitoring home measures blood pressure systolic diastolic clinical precision blood oxygen saturation tracking helps detect sleep apnea respiratory issues heart rate variability analysis predicts stress fatigue replaces expensive medical equipment fraction cost,love much works perfectly exactly needed five stars way exceeded my expectations way possible recommend friends family,buy seller product listing completely misleading received cheap plastic toy premium item described total fraud
40064,1,noise cancelling wireless headphones 60h battery life unbeatable price,premium product wholesale pricing direct manufacturer your door middleman means better prices product comes original packaging accessories order now while supplies last,decent product issues main function works fine battery life nowhere close advertised acceptable casual use,scam item received clearly fake packaging damaged product stopped working after two days tried get refund seller disappeared
40065,1,moissanite engagement ring carat 925 sterling silver super deal flash deal,excellent quality guaranteed product tested verified our quality control team stand behind item sell free returns if completely satisfied ships usa warehouse fast delivery,wow wow product incredible tried many similar products one far best seller also responsive helpful,bad great either arrived acceptable condition minor scratches surface works basic tasks nothing impressive
40066,1,anti theft backpack laptop bag usb charging port warehouse clearance 100 original,premium product wholesale pricing direct manufacturer your door middleman means better prices product comes original packaging accessories order now while supplies last,decent product issues main function works fine battery life nowhere close advertised acceptable casual use,took 45 days arrive wrong item entirely customer service nonexistent worst online shopping experience my life
40067,1,big sale today capture card 4k hdmi usb streaming recording clearance bulk discount,top rated product premium materials factory direct pricing means huge savings item carefully inspected before shipping guarantee fast delivery excellent customer service must item incredible price point,fake product compared genuine one differences obvious cheaper materials wrong colors bad stitching seller dishonest,looks nothing like photos cheap flimsy plastic cracked first day reviews listing must fake because product terrible
40068,1,flash deal adjustable dumbbell set 25 lbs storage rack unbeatable price exclusive offer trusted seller hot sale,100 authentic guaranteed ships today,five stars perfect product perfect price perfect seller happier already recommended my coworkers buying gifts,seller product fast shipping great communication high quality item ask my third purchase seller
40069,1,waterproof dry bag 20l kayaking swimming beach bulk discount,high quality product unbeatable price reputable seller years experience item exactly described ships day returns accepted within 30 days don miss amazing opportunity best value money our customers love product,used week now amazing complaints works great out box setup easy intuitive satisfied customer here,best product ever used quality outstanding price unbelievable already ordered two my family highly recommended
40070,1,gaming mouse rgb 16000 dpi programmable 12 buttons original genuine,high quality product unbeatable price reputable seller years experience item exactly described ships day returns accepted within 30 days don miss amazing opportunity best value money our customers love product,,worst purchase ever product arrived broken smelled like chemicals seller multiple accounts selling junk reported customer service
40071,1,gold plated bracelet hypoallergenic fashion jewelry direct factory wholesale price,amazing deal premium quality item perfect gift personal use offer fast shipping hassle free returns item regularly sells much retail stores take advantage limited time offer,comment,good
40072,1,bulk discount portable power bank 20000mah quick charge lowest price guaranteed authentic last chance,high quality product unbeatable price reputable seller years experience item exactly described ships day returns accepted within 30 days don miss amazing opportunity best value money our customers love product,best deal found online product quality top notch service impeccable definitely coming back,excellent product arrived fast well packaged exactly described am happy purchase buy seller again sure
40073,1,bulk discount gaming headset surround sound rgb mic premium grade sealed box,brand new sealed original packaging 100 authentic product guaranteed offer best quality lowest prices fast shipping within 24 hours buy total confidence our trusted store satisfaction guaranteed your money back best deal find limited stock available order now before sells out,,fake product compared genuine one differences obvious cheaper materials wrong colors bad stitching seller dishonest
40074,1,sealed box moissanite engagement ring carat 925 sterling silver buy now top quality,,,
40075,1,sealed box sterling silver necklace pendant diamond certified below cost fast ship flash deal,brand new sealed original packaging 100 authentic product guaranteed offer best quality lowest prices fast shipping within 24 hours buy total confidence our trusted store satisfaction guaranteed your money back best deal find limited stock available order now before sells out,decent product issues main function works fine battery life nowhere close advertised acceptable casual use,received empty box yes literally nothing inside seller claims shipped item joke already filed dispute
40076,1,100 original cordless drill driver set 20v lithium ion case original genuine bulk discount buy now,professional grade device built noise cancellation 2000mah rechargeable battery perfect beginners experienced users compact lightweight design 350g multi device connectivity ensures seamless operation,seller product fast shipping great communication high quality item ask my third purchase seller,product broke first use made cheapest materials possible battery died 30 minutes 48 hours advertised completely misleading listing
40077,1,sport wireless earphones waterproof ipx7 running,top rated product premium materials factory direct pricing means huge savings item carefully inspected before shipping guarantee fast delivery excellent customer service must item incredible price point,best deal found online product quality top notch service impeccable definitely coming back,fine occasional use quality acceptable considering low price don expect last months
40078,1,led desk lamp wireless charging usb port dimmable trusted seller big sale today,good quality described quick shipping,excellent product arrived fast well packaged exactly described am happy purchase buy seller again sure,used week now amazing complaints works great out box setup easy intuitive satisfied customer here
40079,1,best deal ring camera doorbell two way audio motion detection super deal last chance,amazing deal premium quality item perfect gift personal use offer fast shipping hassle free returns item regularly sells much retail stores take advantage limited time offer,,nice
40080,1,true wireless noise cancelling earbuds hi fi stereo bulk discount below cost,everything need one device full hd amoled touchscreen built gps offline maps 30 day battery life 120 exercise modes swim proof 50 meters ecg blood pressure voice assistant wireless charging titanium case sapphire crystal glass normally 399 now our special price,,
40081,1,bluetooth earbuds microphone deep bass audio bulk discount big sale today,see title details,happy purchase works exactly advertised my friends jealous want one great value price quick delivery,received empty box yes literally nothing inside seller claims shipped item joke already filed dispute
40082,1,bluetooth soundbar tv subwoofer top quality last chance,latest generation 120db signal noise ratio touch sensitive controls features wifi enhanced performance premium aircraft grade aluminum construction maximum durability comes extra tips 90 day warranty free shipping item,love much works perfectly exactly needed five stars way exceeded my expectations way possible recommend friends family,best deal found online product quality top notch service impeccable definitely coming back
40083,1,laptop stand adjustable aluminum ergonomic riser,everything need one device full hd amoled touchscreen built gps offline maps 30 day battery life 120 exercise modes swim proof 50 meters ecg blood pressure voice assistant wireless charging titanium case sapphire crystal glass normally 399 now our special price,,fake product compared genuine one differences obvious cheaper materials wrong colors bad stitching seller dishonest
40084,1,vitamin d3 k2 supplement 5000 iu immune bone support limited offer hot sale,clinically proven monitor blood pressure medical grade accuracy fda approved technology tracks your spo2 blood oxygen levels real time ecg electrocardiogram function detects heart abnormalities instantly replace your doctor visits advanced health monitoring device tracks over 50 health metrics continuously,seller product fast shipping great communication high quality item ask my third purchase seller,works quality mediocre best materials feel cheap compared photos return if something better comes along
40085,1,gaming mouse rgb 16000 dpi programmable 12 buttons,professional grade device built noise cancellation auto power saving mode perfect beginners experienced users compact lightweight design 350g wifi 6e connectivity ensures seamless operation,good,
40086,1,massage gun deep tissue percussion 30 speed levels,asdf good product buy now,love much works perfectly exactly needed five stars way exceeded my expectations way possible recommend friends family,
40087,1,medical grade smartwatch blood pressure heart rate ecg spo2,description available,comment,ok
40088,1,flash deal probiotics 100 billion cfu digestive health immune support super deal unbeatable price trusted seller hot sale,smartwatch save your life detects atrial fibrillation 99 accuracy blood pressure readings match clinical sphygmomanometer results spo2 monitoring helps manage copd asthma automatically alerts emergency contacts if abnormal readings detected,bad great either arrived acceptable condition minor scratches surface works basic tasks nothing impressive,product broke first use made cheapest materials possible battery died 30 minutes 48 hours advertised completely misleading listing
40089,1,usb hub docking station 12 hdmi ethernet,packed premium features budget price 4k camera ois 128gb storage 6000mah battery amoled display 5g connectivity wireless charging reverse charging ip68 stereo speakers 108mp main sensor 8k video recording flagship specs without flagship price tag,excellent product arrived fast well packaged exactly described am happy purchase buy seller again sure,product broke first use made cheapest materials possible battery died 30 minutes 48 hours advertised completely misleading listing
40090,1,last chance selfie stick tripod bluetooth remote extendable overstock sale direct factory,brand new sealed original packaging 100 authentic product guaranteed offer best quality lowest prices fast shipping within 24 hours buy total confidence our trusted store satisfaction guaranteed your money back best deal find limited stock available order now before sells out,test,worst purchase ever product arrived broken smelled like chemicals seller multiple accounts selling junk reported customer service
40091,1,car phone mount magnetic universal dashboard holder original genuine,professional grade device multi touch gesture control high resolution amoled display perfect beginners experienced users compact lightweight design 120g multi device connectivity ensures seamless operation,best deal found online product quality top notch service impeccable definitely coming back,received empty box yes literally nothing inside seller claims shipped item joke already filed dispute
40092,1,super deal mechanical keyboard 60 percent hot swappable rgb clearance trusted seller exclusive offer mega sale,latest generation supports fast charging 4k uhd resolution features smart sensor enhanced performance premium premium abs construction maximum durability comes carrying case lifetime warranty free shipping item,seller product fast shipping great communication high quality item ask my third purchase seller,
40093,1,original genuine pet gps tracker collar real time location tracking flash deal fast ship 100 original guaranteed authentic,excellent quality guaranteed product tested verified our quality control team stand behind item sell free returns if completely satisfied ships usa warehouse fast delivery,excellent product arrived fast well packaged exactly described am happy purchase buy seller again sure,five stars perfect product perfect price perfect seller happier already recommended my coworkers buying gifts
40094,1,direct factory magnetic wireless charger stand phone watch original genuine super deal factory direct,amazing deal premium quality item perfect gift personal use offer fast shipping hassle free returns item regularly sells much retail stores take advantage limited time offer,happy purchase works exactly advertised my friends jealous want one great value price quick delivery,seller product fast shipping great communication high quality item ask my third purchase seller
40095,1,overstock sale derma roller microneedling kit vitamin serum super deal direct factory unbeatable price don miss,latest generation 8gb internal memory 8gb internal memory features nfc enhanced performance premium reinforced polymer construction maximum durability comes usb cable lifetime warranty free shipping item,review,ok
40096,1,premium grade usb hub docking station 12 hdmi ethernet free shipping lowest price cod available mega sale,100 authentic guaranteed ships today,,
40097,1,binoculars 12x42 hd phone adapter night vision premium grade,features advanced wifi technology superior performance built premium carbon fiber materials long lasting durability auto power saving mode touch sensitive controls compatible major brands includes usb cable box year warranty included,outstanding quality price skeptical first exceeded my expectations build quality feels premium looks great,took 45 days arrive wrong item entirely customer service nonexistent worst online shopping experience my life
40098,1,mega sale game controller wireless bluetooth ps5 pc switch clearance warehouse clearance,contact seller information,absolutely love perfect needed arrived earlier expected packaged securely am nothing short impressed,fake product compared genuine one differences obvious cheaper materials wrong colors bad stitching seller dishonest
40099,1,tactical flashlight led rechargeable super bright 10000 lumens factory direct,picture fast delivery trusted seller,best product ever used quality outstanding price unbelievable already ordered two my family highly recommended,great product good quality highly recommend everyone best purchase ever made definitely buy again amazing seller fast shipping
40100,1,free shipping ultrasonic humidifier cool mist 4l essential oil diffuser guaranteed authentic warehouse clearance,excellent quality guaranteed product tested verified our quality control team stand behind item sell free returns if completely satisfied ships usa warehouse fast delivery,review,review
40101,1,massage gun deep tissue percussion 30 speed levels top quality fast ship,see title details,love much works perfectly exactly needed five stars way exceeded my expectations way possible recommend friends family,
40102,1,big sale today self cleaning cat litter box automatic app control guaranteed authentic top quality overstock sale,amazing deal premium quality item perfect gift personal use offer fast shipping hassle free returns item regularly sells much retail stores take advantage limited time offer,great product good quality highly recommend everyone best purchase ever made definitely buy again amazing seller fast shipping,fine occasional use quality acceptable considering low price don expect last months
40103,1,led desk lamp wireless charging usb port dimmable 100 original,buy confidence our top rated store item goes through rigorous quality check served thousands satisfied customers fast processing quick dispatch best prices find anywhere online,great product good quality highly recommend everyone best purchase ever made definitely buy again amazing seller fast shipping,scam item received clearly fake packaging damaged product stopped working after two days tried get refund seller disappeared
40104,1,vacuum sealer machine starter kit bags included original genuine best deal,upgraded 2026 model improved sound quality up 48 hour battery life 120db signal noise ratio designed daily commuting ergonomic form factor package includes travel pouch quick start guide 24 hour battery life single charge,,
40105,1,neck massager intelligent ems pulse heat function fast ship,brand new sealed original packaging 100 authentic product guaranteed offer best quality lowest prices fast shipping within 24 hours buy total confidence our trusted store satisfaction guaranteed your money back best deal find limited stock available order now before sells out,fine occasional use quality acceptable considering low price don expect last months,looks nothing like photos cheap flimsy plastic cracked first day reviews listing must fake because product terrible
40106,1,external ssd portable 2tb usb high speed transfer fast ship exclusive offer,tiny device noise cancellation 55db reduction hi res audio certified spatial audio head tracking 72 hour battery wireless charging case multipoint connection devices ip68 waterproof bone conduction customizable eq 10 band real time translation 40 languages premium features unmatched price,wow wow product incredible tried many similar products one far best seller also responsive helpful,wow wow product incredible tried many similar products one far best seller also responsive helpful
40107,1,tws bluetooth earbuds led display charging case,best product best price best quality best seller,absolutely love perfect needed arrived earlier expected packaged securely am nothing short impressed,fine occasional use quality acceptable considering low price don expect last months
40108,1,solar power bank 30000mah waterproof led flashlight,latest generation 120db signal noise ratio 360 degree surround sound features ai powered enhanced performance premium premium abs construction maximum durability comes cleaning cloth lifetime warranty free shipping item,absolutely love perfect needed arrived earlier expected packaged securely am nothing short impressed,buy seller product listing completely misleading received cheap plastic toy premium item described total fraud
40109,1,mega sale water flosser cordless dental oral irrigator 300ml exclusive offer brand new,high quality product unbeatable price reputable seller years experience item exactly described ships day returns accepted within 30 days don miss amazing opportunity best value money our customers love product,,review
40110,1,multimeter digital auto ranging true rms clamp warehouse clearance unbeatable price,top rated product premium materials factory direct pricing means huge savings item carefully inspected before shipping guarantee fast delivery excellent customer service must item incredible price point,used week now amazing complaints works great out box setup easy intuitive satisfied customer here,fine occasional use quality acceptable considering low price don expect last months
40111,1,sport wireless earphones waterproof ipx7 running buy now,latest generation 2000mah rechargeable battery built noise cancellation features usb enhanced performance premium medical grade silicone construction maximum durability comes cleaning cloth 90 day warranty free shipping item,comment,second time got scammed type listing product counterfeit real functionality brand name printed crooked sticker
40112,1,anti theft backpack laptop bag usb charging port free shipping,latest generation 2000mah rechargeable battery up 48 hour battery life features wifi enhanced performance premium stainless steel construction maximum durability comes usb cable year warranty free shipping item,works quality mediocre best materials feel cheap compared photos return if something better comes along,looks nothing like photos cheap flimsy plastic cracked first day reviews listing must fake because product terrible
40114,1,premium grade moissanite engagement ring carat 925 sterling silver exclusive offer best deal 100 original trusted seller,amazing deal premium quality item perfect gift personal use offer fast shipping hassle free returns item regularly sells much retail stores take advantage limited time offer,seller product fast shipping great communication high quality item ask my third purchase seller,product okay price expect premium quality works build quality cheap get pay guess
40115,1,direct factory sport wireless earphones waterproof ipx7 running don miss 100 original limited offer factory direct,packed premium features budget price 4k camera ois 128gb storage 6000mah battery amoled display 5g connectivity wireless charging reverse charging ip68 stereo speakers 108mp main sensor 8k video recording flagship specs without flagship price tag,best product ever used quality outstanding price unbelievable already ordered two my family highly recommended,took 45 days arrive wrong item entirely customer service nonexistent worst online shopping experience my life
40116,1,laptop cooling pad fans gaming notebook cooler,amazing deal premium quality item perfect gift personal use offer fast shipping hassle free returns item regularly sells much retail stores take advantage limited time offer,absolutely love perfect needed arrived earlier expected packaged securely am nothing short impressed,excellent product arrived fast well packaged exactly described am happy purchase buy seller again sure
40117,1,sealed box ems muscle stimulator pads ab trainer belt don miss big sale today overstock sale,amazing deal premium quality item perfect gift personal use offer fast shipping hassle free returns item regularly sells much retail stores take advantage limited time offer,test,
40118,1,flash deal air purifier hepa filter large room timer original genuine super deal bulk discount lowest price,top rated product premium materials factory direct pricing means huge savings item carefully inspected before shipping guarantee fast delivery excellent customer service must item incredible price point,wow wow product incredible tried many similar products one far best seller also responsive helpful,product okay price expect premium quality works build quality cheap get pay guess
40119,1,cordless drill driver set 20v lithium ion case original genuine brand new,excellent quality guaranteed product tested verified our quality control team stand behind item sell free returns if completely satisfied ships usa warehouse fast delivery,review,clearly counterfeit product logo misspelled finish rough uneven save your money buy real store
40120,1,bluetooth headphones foldable built microphone exclusive offer direct factory,great product great price order now,best product ever used quality outstanding price unbelievable already ordered two my family highly recommended,absolutely love perfect needed arrived earlier expected packaged securely am nothing short impressed
40121,1,remote control car off road monster truck 4wd hot sale exclusive offer,buy confidence our top rated store item goes through rigorous quality check served thousands satisfied customers fast processing quick dispatch best prices find anywhere online,happy purchase works exactly advertised my friends jealous want one great value price quick delivery,excellent product arrived fast well packaged exactly described am happy purchase buy seller again sure
40122,1,remote control car off road monster truck 4wd,brand new sealed original packaging 100 authentic product guaranteed offer best quality lowest prices fast shipping within 24 hours buy total confidence our trusted store satisfaction guaranteed your money back best deal find limited stock available order now before sells out,ok,
40123,1,smart ring health tracker heart rate blood oxygen,premium product wholesale pricing direct manufacturer your door middleman means better prices product comes original packaging accessories order now while supplies last,test,looks nothing like photos cheap flimsy plastic cracked first day reviews listing must fake because product terrible
40124,1,moissanite engagement ring carat 925 sterling silver below cost cod available,professional grade device high resolution amoled display multi touch gesture control perfect beginners experienced users compact lightweight design 350g wifi 6e connectivity ensures seamless operation,works quality mediocre best materials feel cheap compared photos return if something better comes along,looks nothing like photos cheap flimsy plastic cracked first day reviews listing must fake because product terrible
40125,1,gaming chair ergonomic lumbar support footrest big sale today,excellent quality guaranteed product tested verified our quality control team stand behind item sell free returns if completely satisfied ships usa warehouse fast delivery,,second time got scammed type listing product counterfeit real functionality brand name printed crooked sticker
40126,1,top quality portable power bank 20000mah quick charge direct factory unbeatable price lowest price,buy confidence our top rated store item goes through rigorous quality check served thousands satisfied customers fast processing quick dispatch best prices find anywhere online,love much works perfectly exactly needed five stars way exceeded my expectations way possible recommend friends family,bad great either arrived acceptable condition minor scratches surface works basic tasks nothing impressive
40127,1,mega sale laptop cooling pad fans gaming notebook cooler free gift included warehouse clearance,excellent quality guaranteed product tested verified our quality control team stand behind item sell free returns if completely satisfied ships usa warehouse fast delivery,decent product issues main function works fine battery life nowhere close advertised acceptable casual use,looks nothing like photos cheap flimsy plastic cracked first day reviews listing must fake because product terrible
40128,1,limited offer screen protector tempered glass 9h hardness anti scratch lowest price factory direct bulk discount super deal,brand new sealed original packaging 100 authentic product guaranteed offer best quality lowest prices fast shipping within 24 hours buy total confidence our trusted store satisfaction guaranteed your money back best deal find limited stock available order now before sells out,used week now amazing complaints works great out box setup easy intuitive satisfied customer here,best deal found online product quality top notch service impeccable definitely coming back
40129,1,super deal ems muscle stimulator pads ab trainer belt guaranteed authentic fast ship,upgraded 2026 model improved sound quality 120db signal noise ratio dual channel output designed travel ergonomic form factor package includes travel pouch quick start guide 72 hour battery life single charge,best deal found online product quality top notch service impeccable definitely coming back,average product features work well others disappointing customer service helpful questions rate out overall
40130,1,below cost medical grade smartwatch blood pressure heart rate ecg spo2 overstock sale cod available big sale today,100 authentic guaranteed ships today,decent product issues main function works fine battery life nowhere close advertised acceptable casual use,terrible product received cheap knockoff looks nothing like pictures seller refused respond my messages complete waste money buy
40131,1,bulk discount automatic pet feeder wifi smart food dispenser camera 100 original big sale today top quality free gift included,premium product wholesale pricing direct manufacturer your door middleman means better prices product comes original packaging accessories order now while supplies last,ok,
40132,1,phone cooling fan game cooler semiconductor heat sink free gift included clearance,upgraded 2026 model improved processing speed 8gb internal memory ip67 waterproof rated designed outdoor adventures ergonomic form factor package includes extra batteries quick start guide 48 hour battery life single charge,works quality mediocre best materials feel cheap compared photos return if something better comes along,scam item received clearly fake packaging damaged product stopped working after two days tried get refund seller disappeared
40133,1,usb hub docking station 12 hdmi ethernet trusted seller,professional grade device 360 degree surround sound 4k uhd resolution perfect beginners experienced users compact lightweight design 200g multi device connectivity ensures seamless operation,nice,
40134,1,portable blender personal size usb rechargeable top quality free gift included,picture fast delivery trusted seller,wow wow product incredible tried many similar products one far best seller also responsive helpful,happy purchase works exactly advertised my friends jealous want one great value price quick delivery
40135,1,bluetooth smartwatch blood pressure spo2 sleep monitor,excellent quality guaranteed product tested verified our quality control team stand behind item sell free returns if completely satisfied ships usa warehouse fast delivery,five stars perfect product perfect price perfect seller happier already recommended my coworkers buying gifts,buy seller product listing completely misleading received cheap plastic toy premium item described total fraud
40136,1,gaming headset surround sound rgb lights free shipping,top rated product premium materials factory direct pricing means huge savings item carefully inspected before shipping guarantee fast delivery excellent customer service must item incredible price point,ok,
40137,1,mega sale neck massager intelligent ems pulse heat function guaranteed authentic free gift included hot sale direct factory,excellent quality guaranteed product tested verified our quality control team stand behind item sell free returns if completely satisfied ships usa warehouse fast delivery,love much works perfectly exactly needed five stars way exceeded my expectations way possible recommend friends family,scam item received clearly fake packaging damaged product stopped working after two days tried get refund seller disappeared
40138,1,fast wireless charging pad 15w compatible phones clearance,buy confidence our top rated store item goes through rigorous quality check served thousands satisfied customers fast processing quick dispatch best prices find anywhere online,absolutely love perfect needed arrived earlier expected packaged securely am nothing short impressed,excellent product arrived fast well packaged exactly described am happy purchase buy seller again sure
40140,1,led face mask light therapy color anti aging trusted seller,features advanced dual band technology superior performance built premium medical grade silicone materials long lasting durability 4k uhd resolution 360 degree surround sound compatible major brands includes extra tips box year warranty included,,test
40141,1,over ear wireless headphones active noise cancellation buy now,brand new sealed original packaging 100 authentic product guaranteed offer best quality lowest prices fast shipping within 24 hours buy total confidence our trusted store satisfaction guaranteed your money back best deal find limited stock available order now before sells out,test,
40142,1,exclusive offer endoscope camera 1080p wireless borescope inspection best deal below cost,best product best price best quality best seller,happy purchase works exactly advertised my friends jealous want one great value price quick delivery,received empty box yes literally nothing inside seller claims shipped item joke already filed dispute
40143,1,smart speaker voice assistant built wifi exclusive offer,upgraded 2025 model improved connectivity range precision engineered motors 120db signal noise ratio designed travel ergonomic form factor package includes carrying case quick start guide 100 hour battery life single charge,second time got scammed type listing product counterfeit real functionality brand name printed crooked sticker,second time got scammed type listing product counterfeit real functionality brand name printed crooked sticker
40144,1,below cost dog bark control device ultrasonic anti barking bulk discount free shipping overstock sale,top quality product buy confidence returns accepted,item match description photos show completely different product disappointed wasted my money garbage stay away,took 45 days arrive wrong item entirely customer service nonexistent worst online shopping experience my life
40145,1,cod available building blocks set 1000 pieces stem educational toy premium grade super deal,buy confidence our top rated store item goes through rigorous quality check served thousands satisfied customers fast processing quick dispatch best prices find anywhere online,love much works perfectly exactly needed five stars way exceeded my expectations way possible recommend friends family,outstanding quality price skeptical first exceeded my expectations build quality feels premium looks great
40146,1,professional studio monitor headphones wired,new box ships day best deal online,best deal found online product quality top notch service impeccable definitely coming back,used week now amazing complaints works great out box setup easy intuitive satisfied customer here
40147,1,hair growth supplement biotin 10000mcg keratin flash deal,excellent quality guaranteed product tested verified our quality control team stand behind item sell free returns if completely satisfied ships usa warehouse fast delivery,best deal found online product quality top notch service impeccable definitely coming back,fake product compared genuine one differences obvious cheaper materials wrong colors bad stitching seller dishonest
40148,1,wireless mouse ergonomic vertical usb receiver flash deal,100 authentic guaranteed ships today,best product ever used quality outstanding price unbelievable already ordered two my family highly recommended,clearly counterfeit product logo misspelled finish rough uneven save your money buy real store
40149,1,power bank 50000mah solar panel flashlight,amazing deal premium quality item perfect gift personal use offer fast shipping hassle free returns item regularly sells much retail stores take advantage limited time offer,seller product fast shipping great communication high quality item ask my third purchase seller,worst purchase ever product arrived broken smelled like chemicals seller multiple accounts selling junk reported customer service
40151,1,exclusive offer led desk lamp wireless charging usb port dimmable 100 original top quality super deal flash deal,high quality product unbeatable price reputable seller years experience item exactly described ships day returns accepted within 30 days don miss amazing opportunity best value money our customers love product,test,
40152,1,hot sale laser level self leveling 360 degree cross line guaranteed authentic brand new,premium product wholesale pricing direct manufacturer your door middleman means better prices product comes original packaging accessories order now while supplies last,,ok
40153,1,over ear wireless headphones active noise cancellation,buy confidence our top rated store item goes through rigorous quality check served thousands satisfied customers fast processing quick dispatch best prices find anywhere online,excellent product arrived fast well packaged exactly described am happy purchase buy seller again sure,product okay price expect premium quality works build quality cheap get pay guess
40154,1,factory direct weight loss supplement natural fat burner metabolism boost unbeatable price top quality don miss,upgraded 2025 model improved display brightness high resolution amoled display high resolution amoled display designed travel ergonomic form factor package includes cleaning cloth quick start guide 72 hour battery life single charge,excellent product arrived fast well packaged exactly described am happy purchase buy seller again sure,five stars perfect product perfect price perfect seller happier already recommended my coworkers buying gifts
40155,1,vacuum sealer machine starter kit bags included unbeatable price below cost,top rated product premium materials factory direct pricing means huge savings item carefully inspected before shipping guarantee fast delivery excellent customer service must item incredible price point,happy purchase works exactly advertised my friends jealous want one great value price quick delivery,took 45 days arrive wrong item entirely customer service nonexistent worst online shopping experience my life
40156,1,dog training collar remote rechargeable waterproof,buy confidence our top rated store item goes through rigorous quality check served thousands satisfied customers fast processing quick dispatch best prices find anywhere online,best deal found online product quality top notch service impeccable definitely coming back,absolutely love perfect needed arrived earlier expected packaged securely am nothing short impressed
40157,1,mini security camera hd 1080p indoor wifi night vision sealed box unbeatable price,tiny device noise cancellation 55db reduction hi res audio certified spatial audio head tracking 72 hour battery wireless charging case multipoint connection devices ip68 waterproof bone conduction customizable eq 10 band real time translation 40 languages premium features unmatched price,best product ever used quality outstanding price unbelievable already ordered two my family highly recommended,product broke first use made cheapest materials possible battery died 30 minutes 48 hours advertised completely misleading listing
40158,1,mega sale hiking backpack 50l waterproof rain cover factory direct super deal,high quality product unbeatable price reputable seller years experience item exactly described ships day returns accepted within 30 days don miss amazing opportunity best value money our customers love product,decent product issues main function works fine battery life nowhere close advertised acceptable casual use,clearly counterfeit product logo misspelled finish rough uneven save your money buy real store
40159,1,usb fast charger 65w gan multiple ports overstock sale super deal,amazing deal premium quality item perfect gift personal use offer fast shipping hassle free returns item regularly sells much retail stores take advantage limited time offer,,ok
40160,1,super deal electric water gun automatic high capacity premium grade lowest price overstock sale flash deal,brand new sealed original packaging 100 authentic product guaranteed offer best quality lowest prices fast shipping within 24 hours buy total confidence our trusted store satisfaction guaranteed your money back best deal find limited stock available order now before sells out,happy purchase works exactly advertised my friends jealous want one great value price quick delivery,excellent product arrived fast well packaged exactly described am happy purchase buy seller again sure
40161,1,brand new gaming headset surround sound rgb lights free shipping original genuine,latest generation 4k uhd resolution auto power saving mode features wifi enhanced performance premium carbon fiber construction maximum durability comes travel pouch lifetime warranty free shipping item,great product good quality highly recommend everyone best purchase ever made definitely buy again amazing seller fast shipping,bad great either arrived acceptable condition minor scratches surface works basic tasks nothing impressive
40162,1,direct factory cordless drill driver set 20v lithium ion case sealed box free gift included clearance free shipping,high quality product unbeatable price reputable seller years experience item exactly described ships day returns accepted within 30 days don miss amazing opportunity best value money our customers love product,test,review
40163,1,electric water gun automatic high capacity flash deal free shipping,excellent quality guaranteed product tested verified our quality control team stand behind item sell free returns if completely satisfied ships usa warehouse fast delivery,seller product fast shipping great communication high quality item ask my third purchase seller,looks nothing like photos cheap flimsy plastic cracked first day reviews listing must fake because product terrible
40164,1,electric scalp massager waterproof heads best deal original genuine,excellent quality guaranteed product tested verified our quality control team stand behind item sell free returns if completely satisfied ships usa warehouse fast delivery,product broke first use made cheapest materials possible battery died 30 minutes 48 hours advertised completely misleading listing,item match description photos show completely different product disappointed wasted my money garbage stay away
40165,1,cod available hybrid anc headphones transparency mode bluetooth premium grade free shipping original genuine direct factory,premium product wholesale price limited stock,love much works perfectly exactly needed five stars way exceeded my expectations way possible recommend friends family,fine occasional use quality acceptable considering low price don expect last months
40166,1,gold plated bracelet hypoallergenic fashion jewelry,high quality product unbeatable price reputable seller years experience item exactly described ships day returns accepted within 30 days don miss amazing opportunity best value money our customers love product,,terrible product received cheap knockoff looks nothing like pictures seller refused respond my messages complete waste money buy
40167,1,portable water filter straw camping hiking emergency,excellent quality guaranteed product tested verified our quality control team stand behind item sell free returns if completely satisfied ships usa warehouse fast delivery,works quality mediocre best materials feel cheap compared photos return if something better comes along,item match description photos show completely different product disappointed wasted my money garbage stay away
40168,1,magnetic wireless charger stand phone watch lowest price,features advanced dual band technology superior performance built premium reinforced polymer materials long lasting durability touch sensitive controls dual channel output compatible major brands includes extra batteries box 90 day warranty included,five stars perfect product perfect price perfect seller happier already recommended my coworkers buying gifts,worst purchase ever product arrived broken smelled like chemicals seller multiple accounts selling junk reported customer service
40169,1,exclusive offer portable blender personal size usb rechargeable don miss overstock sale lowest price,premium product wholesale price limited stock,absolutely love perfect needed arrived earlier expected packaged securely am nothing short impressed,product broke first use made cheapest materials possible battery died 30 minutes 48 hours advertised completely misleading listing
40170,1,hair growth supplement biotin 10000mcg keratin free shipping below cost,clinically proven monitor blood pressure medical grade accuracy fda approved technology tracks your spo2 blood oxygen levels real time ecg electrocardiogram function detects heart abnormalities instantly replace your doctor visits advanced health monitoring device tracks over 50 health metrics continuously,best deal found online product quality top notch service impeccable definitely coming back,five stars perfect product perfect price perfect seller happier already recommended my coworkers buying gifts
40171,1,wholesale price earbuds enc mic noise cancelling call clarity don miss bulk discount warehouse clearance,features advanced smart sensor technology superior performance built premium aircraft grade aluminum materials long lasting durability 2000mah rechargeable battery built noise cancellation compatible major brands includes mounting bracket box 90 day warranty included,wow wow product incredible tried many similar products one far best seller also responsive helpful,second time got scammed type listing product counterfeit real functionality brand name printed crooked sticker
40172,1,below cost hair clipper professional cordless trimmer guide combs sealed box brand new direct factory,medical grade blood pressure monitor right your wrist certified accurate spo2 readings comparable hospital pulse oximeters continuous ecg monitoring alerts irregular heartbeats device detect early signs cardiovascular disease used healthcare professionals worldwide,product okay price expect premium quality works build quality cheap get pay guess,item match description photos show completely different product disappointed wasted my money garbage stay away
40173,1,air purifier hepa filter large room timer lowest price brand new,professional grade device high resolution amoled display high resolution amoled display perfect beginners experienced users compact lightweight design 150g multi device connectivity ensures seamless operation,bad great either arrived acceptable condition minor scratches surface works basic tasks nothing impressive,looks nothing like photos cheap flimsy plastic cracked first day reviews listing must fake because product terrible
40174,1,hair clipper professional cordless trimmer guide combs last chance buy now,advanced biosensor technology monitors your blood glucose levels non invasively finger pricks our revolutionary health tracker tracks blood pressure spo2 ecg body temperature stress levels 24 recommended doctors preventive health solution medical certification pending,terrible product received cheap knockoff looks nothing like pictures seller refused respond my messages complete waste money buy,fake product compared genuine one differences obvious cheaper materials wrong colors bad stitching seller dishonest
40175,1,body camera hd 1296p night vision audio recording,brand new sealed original packaging 100 authentic product guaranteed offer best quality lowest prices fast shipping within 24 hours buy total confidence our trusted store satisfaction guaranteed your money back best deal find limited stock available order now before sells out,absolutely love perfect needed arrived earlier expected packaged securely am nothing short impressed,bad great either arrived acceptable condition minor scratches surface works basic tasks nothing impressive
40176,1,last chance running shoes lightweight breathable athletic trainers warehouse clearance guaranteed authentic direct factory free shipping,see title details,works quality mediocre best materials feel cheap compared photos return if something better comes along,product broke first use made cheapest materials possible battery died 30 minutes 48 hours advertised completely misleading listing
40177,1,warehouse clearance usb fast charger 65w gan multiple ports flash deal super deal factory direct best deal,upgraded 2024 model improved sound quality ip67 waterproof rated ip67 waterproof rated designed travel ergonomic form factor package includes mounting bracket quick start guide 36 hour battery life single charge,five stars perfect product perfect price perfect seller happier already recommended my coworkers buying gifts,looks nothing like photos cheap flimsy plastic cracked first day reviews listing must fake because product terrible
40178,1,brand new hiking backpack 50l waterproof rain cover fast ship premium grade unbeatable price exclusive offer,excellent quality guaranteed product tested verified our quality control team stand behind item sell free returns if completely satisfied ships usa warehouse fast delivery,wow wow product incredible tried many similar products one far best seller also responsive helpful,decent product issues main function works fine battery life nowhere close advertised acceptable casual use
40179,1,unbeatable price hair clipper professional cordless trimmer guide combs wholesale price clearance trusted seller,high quality product unbeatable price reputable seller years experience item exactly described ships day returns accepted within 30 days don miss amazing opportunity best value money our customers love product,,review
40180,1,lowest price endoscope camera 1080p wireless borescope inspection sealed box free shipping,latest generation up 48 hour battery life dual channel output features nfc enhanced performance premium carbon fiber construction maximum durability comes user manual 90 day warranty free shipping item,scam item received clearly fake packaging damaged product stopped working after two days tried get refund seller disappeared,took 45 days arrive wrong item entirely customer service nonexistent worst online shopping experience my life
40181,1,testosterone booster men muscle growth energy wholesale price unbeatable price,new box ships day best deal online,best deal found online product quality top notch service impeccable definitely coming back,product broke first use made cheapest materials possible battery died 30 minutes 48 hours advertised completely misleading listing
40182,1,dog bark control device ultrasonic anti barking below cost,buy confidence our top rated store item goes through rigorous quality check served thousands satisfied customers fast processing quick dispatch best prices find anywhere online,wow wow product incredible tried many similar products one far best seller also responsive helpful,looks nothing like photos cheap flimsy plastic cracked first day reviews listing must fake because product terrible
40183,1,guaranteed authentic sous vide precision cooker wifi bluetooth control lowest price 100 original brand new hot sale,upgraded 2025 model improved connectivity range auto power saving mode 4k uhd resolution designed outdoor adventures ergonomic form factor package includes user manual quick start guide 24 hour battery life single charge,good,test
40184,1,direct factory bluetooth earbuds microphone deep bass audio big sale today factory direct original genuine unbeatable price,asdf good product buy now,review,comment
40185,1,water flosser cordless dental oral irrigator 300ml mega sale,features advanced nfc technology superior performance built premium stainless steel materials long lasting durability precision engineered motors 2000mah rechargeable battery compatible major brands includes mounting bracket box lifetime warranty included,outstanding quality price skeptical first exceeded my expectations build quality feels premium looks great,
40186,1,free shipping survival kit emergency 250 pieces first aid camping below cost premium grade original genuine,high quality product unbeatable price reputable seller years experience item exactly described ships day returns accepted within 30 days don miss amazing opportunity best value money our customers love product,used week now amazing complaints works great out box setup easy intuitive satisfied customer here,took 45 days arrive wrong item entirely customer service nonexistent worst online shopping experience my life
40187,1,brand new robot dog toy interactive voice commands best deal exclusive offer below cost top quality,picture fast delivery trusted seller,nice,
40188,1,sous vide precision cooker wifi bluetooth control premium grade,top rated product premium materials factory direct pricing means huge savings item carefully inspected before shipping guarantee fast delivery excellent customer service must item incredible price point,good,clearly counterfeit product logo misspelled finish rough uneven save your money buy real store
40189,1,wholesale price men designer jacket winter warm down coat brand new guaranteed authentic trusted seller,premium product wholesale pricing direct manufacturer your door middleman means better prices product comes original packaging accessories order now while supplies last,review,fake product compared genuine one differences obvious cheaper materials wrong colors bad stitching seller dishonest
40190,1,titanium wedding band ring set his hers matching overstock sale,buy confidence our top rated store item goes through rigorous quality check served thousands satisfied customers fast processing quick dispatch best prices find anywhere online,five stars perfect product perfect price perfect seller happier already recommended my coworkers buying gifts,took 45 days arrive wrong item entirely customer service nonexistent worst online shopping experience my life
40191,1,smart speaker voice assistant built wifi below cost original genuine,amazing deal premium quality item perfect gift personal use offer fast shipping hassle free returns item regularly sells much retail stores take advantage limited time offer,best product ever used quality outstanding price unbelievable already ordered two my family highly recommended,good
40192,1,gaming headset surround sound rgb mic,professional grade device auto power saving mode dual channel output perfect beginners experienced users compact lightweight design 350g multi device connectivity ensures seamless operation,absolutely love perfect needed arrived earlier expected packaged securely am nothing short impressed,looks nothing like photos cheap flimsy plastic cracked first day reviews listing must fake because product terrible
40193,1,dog bark control device ultrasonic anti barking free gift included brand new,features advanced nfc technology superior performance built premium medical grade silicone materials long lasting durability ip67 waterproof rated multi touch gesture control compatible major brands includes carrying case box year warranty included,review,item match description photos show completely different product disappointed wasted my money garbage stay away
40194,1,laser level self leveling 360 degree cross line fast ship below cost,best product best price best quality best seller,review,test
40195,1,selfie stick tripod bluetooth remote extendable,picture fast delivery trusted seller,,second time got scammed type listing product counterfeit real functionality brand name printed crooked sticker
40196,1,limited offer electric scalp massager waterproof heads factory direct below cost guaranteed authentic original genuine,top rated product premium materials factory direct pricing means huge savings item carefully inspected before shipping guarantee fast delivery excellent customer service must item incredible price point,decent product issues main function works fine battery life nowhere close advertised acceptable casual use,took 45 days arrive wrong item entirely customer service nonexistent worst online shopping experience my life
40197,1,laptop bag messenger 15 inch shoulder strap,premium product wholesale pricing direct manufacturer your door middleman means better prices product comes original packaging accessories order now while supplies last,bad great either arrived acceptable condition minor scratches surface works basic tasks nothing impressive,second time got scammed type listing product counterfeit real functionality brand name printed crooked sticker
40198,1,mega sale rc drone 4k camera fpv gps foldable quadcopter bulk discount last chance,premium product wholesale pricing direct manufacturer your door middleman means better prices product comes original packaging accessories order now while supplies last,fine occasional use quality acceptable considering low price don expect last months,looks nothing like photos cheap flimsy plastic cracked first day reviews listing must fake because product terrible
40199,1,original genuine eye massager heat compression bluetooth music buy now last chance,amazing deal premium quality item perfect gift personal use offer fast shipping hassle free returns item regularly sells much retail stores take advantage limited time offer,nice,clearly counterfeit product logo misspelled finish rough uneven save your money buy real store
40200,1,top quality endoscope camera 1080p wireless borescope inspection free gift included lowest price,premium product wholesale pricing direct manufacturer your door middleman means better prices product comes original packaging accessories order now while supplies last,review,
40201,1,bluetooth earbuds microphone deep bass audio premium grade,professional drone features hobby price 4k 60fps camera axis gimbal 45 minute flight time 15km range obstacle avoidance directions gps return home follow me mode waypoint navigation 5g transmission foldable portable design normally costs 10x price major brands,looks nothing like photos cheap flimsy plastic cracked first day reviews listing must fake because product terrible,received empty box yes literally nothing inside seller claims shipped item joke already filed dispute
40202,1,automatic pet feeder wifi smart food dispenser camera unbeatable price,100 authentic guaranteed ships today,seller product fast shipping great communication high quality item ask my third purchase seller,wow wow product incredible tried many similar products one far best seller also responsive helpful
40203,1,usb hub docking station 12 hdmi ethernet flash deal exclusive offer,best product best price best quality best seller,seller product fast shipping great communication high quality item ask my third purchase seller,nice
40204,1,unbeatable price gaming headset surround sound rgb lights top quality cod available below cost flash deal,high quality product unbeatable price reputable seller years experience item exactly described ships day returns accepted within 30 days don miss amazing opportunity best value money our customers love product,bad great either arrived acceptable condition minor scratches surface works basic tasks nothing impressive,scam item received clearly fake packaging damaged product stopped working after two days tried get refund seller disappeared
40205,1,gaming headset surround sound rgb lights lowest price wholesale price,picture fast delivery trusted seller,nice,
40206,1,hiking backpack 50l waterproof rain cover bulk discount,good quality described quick shipping,happy purchase works exactly advertised my friends jealous want one great value price quick delivery,buy seller product listing completely misleading received cheap plastic toy premium item described total fraud
40207,1,camping hammock double portable tree straps exclusive offer overstock sale,upgraded 2026 model improved sound quality up 48 hour battery life touch sensitive controls designed home office ergonomic form factor package includes user manual quick start guide day battery life single charge,great product good quality highly recommend everyone best purchase ever made definitely buy again amazing seller fast shipping,clearly counterfeit product logo misspelled finish rough uneven save your money buy real store
40208,1,soldering iron kit 60w adjustable temperature tips bulk discount,premium product wholesale pricing direct manufacturer your door middleman means better prices product comes original packaging accessories order now while supplies last,bad great either arrived acceptable condition minor scratches surface works basic tasks nothing impressive,product broke first use made cheapest materials possible battery died 30 minutes 48 hours advertised completely misleading listing
40209,1,factory direct ring camera doorbell two way audio motion detection flash deal direct factory,incredible value packed features amoled 96 inch display 100 sports modes 45 day battery life ip68 waterproof heart rate monitor sleep tracking blood oxygen gps nfc payments bluetooth calling music storage 4gb always display custom watch faces 200 unbelievable price,used week now amazing complaints works great out box setup easy intuitive satisfied customer here,best product ever used quality outstanding price unbelievable already ordered two my family highly recommended
40210,1,wireless earbuds bluetooth charging case,buy confidence our top rated store item goes through rigorous quality check served thousands satisfied customers fast processing quick dispatch best prices find anywhere online,,good
40211,1,anti theft backpack laptop bag usb charging port premium grade trusted seller,premium product wholesale pricing direct manufacturer your door middleman means better prices product comes original packaging accessories order now while supplies last,used week now amazing complaints works great out box setup easy intuitive satisfied customer here,outstanding quality price skeptical first exceeded my expectations build quality feels premium looks great
40212,1,guaranteed authentic mini security camera hd 1080p indoor wifi night vision premium grade cod available mega sale direct factory,picture fast delivery trusted seller,excellent product arrived fast well packaged exactly described am happy purchase buy seller again sure,seller product fast shipping great communication high quality item ask my third purchase seller
40213,1,factory direct dog training collar remote rechargeable waterproof trusted seller sealed box last chance,premium product wholesale price limited stock,used week now amazing complaints works great out box setup easy intuitive satisfied customer here,fine occasional use quality acceptable considering low price don expect last months
40214,1,air purifier hepa filter large room timer warehouse clearance limited offer,excellent quality guaranteed product tested verified our quality control team stand behind item sell free returns if completely satisfied ships usa warehouse fast delivery,great product good quality highly recommend everyone best purchase ever made definitely buy again amazing seller fast shipping,buy seller product listing completely misleading received cheap plastic toy premium item described total fraud
40215,1,endoscope camera 1080p wireless borescope inspection direct factory,features advanced dual band technology superior performance built premium stainless steel materials long lasting durability multi touch gesture control 360 degree surround sound compatible major brands includes travel pouch box lifetime warranty included,test,fake product compared genuine one differences obvious cheaper materials wrong colors bad stitching seller dishonest
40216,1,brand new running shoes lightweight breathable athletic trainers guaranteed authentic original genuine top quality super deal,brand new sealed original packaging 100 authentic product guaranteed offer best quality lowest prices fast shipping within 24 hours buy total confidence our trusted store satisfaction guaranteed your money back best deal find limited stock available order now before sells out,seller product fast shipping great communication high quality item ask my third purchase seller,took 45 days arrive wrong item entirely customer service nonexistent worst online shopping experience my life
40217,1,endoscope camera 1080p wireless borescope inspection direct factory buy now,see title details,absolutely love perfect needed arrived earlier expected packaged securely am nothing short impressed,five stars perfect product perfect price perfect seller happier already recommended my coworkers buying gifts
40218,1,selfie stick tripod bluetooth remote extendable free shipping clearance,buy confidence our top rated store item goes through rigorous quality check served thousands satisfied customers fast processing quick dispatch best prices find anywhere online,love much works perfectly exactly needed five stars way exceeded my expectations way possible recommend friends family,worst purchase ever product arrived broken smelled like chemicals seller multiple accounts selling junk reported customer service
40219,1,robot dog toy interactive voice commands free shipping factory direct,picture fast delivery trusted seller,seller product fast shipping great communication high quality item ask my third purchase seller,clearly counterfeit product logo misspelled finish rough uneven save your money buy real store
40220,1,air fryer quart digital presets best deal,best product best price best quality best seller,looks nothing like photos cheap flimsy plastic cracked first day reviews listing must fake because product terrible,received empty box yes literally nothing inside seller claims shipped item joke already filed dispute
40221,1,premium grade cat water fountain stainless steel 3l filter wholesale price warehouse clearance trusted seller,professional grade device dual channel output up 48 hour battery life perfect beginners experienced users compact lightweight design 350g multi device connectivity ensures seamless operation,five stars perfect product perfect price perfect seller happier already recommended my coworkers buying gifts,works quality mediocre best materials feel cheap compared photos return if something better comes along
40222,1,original genuine medical grade smartwatch blood pressure heart rate ecg spo2 premium grade super deal,great product great price order now,great product good quality highly recommend everyone best purchase ever made definitely buy again amazing seller fast shipping,average product features work well others disappointing customer service helpful questions rate out overall
40223,1,don miss collagen peptides powder skin hair nails joints factory direct wholesale price overstock sale fast ship,hospital level health monitoring home measures blood pressure systolic diastolic clinical precision blood oxygen saturation tracking helps detect sleep apnea respiratory issues heart rate variability analysis predicts stress fatigue replaces expensive medical equipment fraction cost,best product ever used quality outstanding price unbelievable already ordered two my family highly recommended,best product ever used quality outstanding price unbelievable already ordered two my family highly recommended
40224,1,cordless drill driver set 20v lithium ion case,top rated product premium materials factory direct pricing means huge savings item carefully inspected before shipping guarantee fast delivery excellent customer service must item incredible price point,outstanding quality price skeptical first exceeded my expectations build quality feels premium looks great,bad great either arrived acceptable condition minor scratches surface works basic tasks nothing impressive
40225,1,game controller wireless bluetooth ps5 pc switch below cost,premium product wholesale pricing direct manufacturer your door middleman means better prices product comes original packaging accessories order now while supplies last,,
40226,1,air purifier hepa filter large room timer don miss,professional grade device 4k uhd resolution 360 degree surround sound perfect beginners experienced users compact lightweight design 200g multi device connectivity ensures seamless operation,excellent product arrived fast well packaged exactly described am happy purchase buy seller again sure,took 45 days arrive wrong item entirely customer service nonexistent worst online shopping experience my life
40229,1,hair growth supplement biotin 10000mcg keratin original genuine,picture fast delivery trusted seller,decent product issues main function works fine battery life nowhere close advertised acceptable casual use,looks nothing like photos cheap flimsy plastic cracked first day reviews listing must fake because product terrible
40230,1,binoculars 12x42 hd phone adapter night vision trusted seller don miss,best product best price best quality best seller,happy purchase works exactly advertised my friends jealous want one great value price quick delivery,review
40231,1,ultrasonic humidifier cool mist 4l essential oil diffuser top quality,brand new sealed original packaging 100 authentic product guaranteed offer best quality lowest prices fast shipping within 24 hours buy total confidence our trusted store satisfaction guaranteed your money back best deal find limited stock available order now before sells out,used week now amazing complaints works great out box setup easy intuitive satisfied customer here,clearly counterfeit product logo misspelled finish rough uneven save your money buy real store
40232,1,last chance waterproof dry bag 20l kayaking swimming beach big sale today hot sale,premium product wholesale pricing direct manufacturer your door middleman means better prices product comes original packaging accessories order now while supplies last,great product good quality highly recommend everyone best purchase ever made definitely buy again amazing seller fast shipping,looks nothing like photos cheap flimsy plastic cracked first day reviews listing must fake because product terrible
40235,1,waterproof dry bag 20l kayaking swimming beach,brand new sealed original packaging 100 authentic product guaranteed offer best quality lowest prices fast shipping within 24 hours buy total confidence our trusted store satisfaction guaranteed your money back best deal find limited stock available order now before sells out,buy seller product listing completely misleading received cheap plastic toy premium item described total fraud,item match description photos show completely different product disappointed wasted my money garbage stay away
40236,1,ultrasonic humidifier cool mist 4l essential oil diffuser super deal,brand new sealed original packaging 100 authentic product guaranteed offer best quality lowest prices fast shipping within 24 hours buy total confidence our trusted store satisfaction guaranteed your money back best deal find limited stock available order now before sells out,,
40237,1,exclusive offer medical grade smartwatch blood pressure heart rate ecg spo2 overstock sale bulk discount warehouse clearance,clinically proven monitor blood pressure medical grade accuracy fda approved technology tracks your spo2 blood oxygen levels real time ecg electrocardiogram function detects heart abnormalities instantly replace your doctor visits advanced health monitoring device tracks over 50 health metrics continuously,excellent product arrived fast well packaged exactly described am happy purchase buy seller again sure,great product good quality highly recommend everyone best purchase ever made definitely buy again amazing seller fast shipping
40238,1,fast ship rc drone 4k camera fpv gps foldable quadcopter original genuine big sale today 100 original wholesale price,features advanced ai powered technology superior performance built premium stainless steel materials long lasting durability 2000mah rechargeable battery 4k uhd resolution compatible major brands includes travel pouch box lifetime warranty included,,
40239,1,don miss waterproof dry bag 20l kayaking swimming beach guaranteed authentic trusted seller,brand new fast shipping best price,,review
40241,1,original genuine anti anxiety spinner ring stainless steel fidget band unbeatable price hot sale buy now 100 original,latest generation dual channel output precision engineered motors features ai powered enhanced performance premium reinforced polymer construction maximum durability comes mounting bracket year warranty free shipping item,outstanding quality price skeptical first exceeded my expectations build quality feels premium looks great,works quality mediocre best materials feel cheap compared photos return if something better comes along
40242,1,sealed box laptop bag messenger 15 inch shoulder strap bulk discount fast ship,brand new sealed original packaging 100 authentic product guaranteed offer best quality lowest prices fast shipping within 24 hours buy total confidence our trusted store satisfaction guaranteed your money back best deal find limited stock available order now before sells out,,ok
40243,1,portable party speaker bass boost rgb lights hot sale,brand new sealed original packaging 100 authentic product guaranteed offer best quality lowest prices fast shipping within 24 hours buy total confidence our trusted store satisfaction guaranteed your money back best deal find limited stock available order now before sells out,used week now amazing complaints works great out box setup easy intuitive satisfied customer here,best product ever used quality outstanding price unbelievable already ordered two my family highly recommended
40244,1,limited offer tws bluetooth earbuds led display charging case brand new top quality overstock sale best deal,features advanced usb technology superior performance built premium premium abs materials long lasting durability precision engineered motors auto power saving mode compatible major brands includes travel pouch box lifetime warranty included,wow wow product incredible tried many similar products one far best seller also responsive helpful,scam item received clearly fake packaging damaged product stopped working after two days tried get refund seller disappeared
40245,1,laptop cooling pad fans gaming notebook cooler cod available,best product best price best quality best seller,bad great either arrived acceptable condition minor scratches surface works basic tasks nothing impressive,product broke first use made cheapest materials possible battery died 30 minutes 48 hours advertised completely misleading listing
40246,1,ab roller wheel knee pad automatic rebound,smartwatch save your life detects atrial fibrillation 99 accuracy blood pressure readings match clinical sphygmomanometer results spo2 monitoring helps manage copd asthma automatically alerts emergency contacts if abnormal readings detected,nice,nice
40247,1,electric water gun automatic high capacity,excellent quality guaranteed product tested verified our quality control team stand behind item sell free returns if completely satisfied ships usa warehouse fast delivery,five stars perfect product perfect price perfect seller happier already recommended my coworkers buying gifts,product okay price expect premium quality works build quality cheap get pay guess
40248,1,don miss car phone mount magnetic universal dashboard holder below cost flash deal lowest price 100 original,high quality product unbeatable price reputable seller years experience item exactly described ships day returns accepted within 30 days don miss amazing opportunity best value money our customers love product,happy purchase works exactly advertised my friends jealous want one great value price quick delivery,took 45 days arrive wrong item entirely customer service nonexistent worst online shopping experience my life
40249,1,testosterone booster men muscle growth energy exclusive offer,premium product wholesale pricing direct manufacturer your door middleman means better prices product comes original packaging accessories order now while supplies last,product okay price expect premium quality works build quality cheap get pay guess,fake product compared genuine one differences obvious cheaper materials wrong colors bad stitching seller dishonest
40250,1,resistance bands set exercise workout bands levels free shipping exclusive offer,professional grade device 120db signal noise ratio built noise cancellation perfect beginners experienced users compact lightweight design 250g dual mode wireless connectivity ensures seamless operation,product okay price expect premium quality works build quality cheap get pay guess,received empty box yes literally nothing inside seller claims shipped item joke already filed dispute
40251,1,hot sale led desk lamp wireless charging usb port dimmable direct factory wholesale price overstock sale,amazing deal premium quality item perfect gift personal use offer fast shipping hassle free returns item regularly sells much retail stores take advantage limited time offer,outstanding quality price skeptical first exceeded my expectations build quality feels premium looks great,second time got scammed type listing product counterfeit real functionality brand name printed crooked sticker
40252,1,unbeatable price running shoes lightweight breathable athletic trainers sealed box exclusive offer clearance,see title details,comment,took 45 days arrive wrong item entirely customer service nonexistent worst online shopping experience my life
40253,1,flash deal karaoke machine bluetooth speaker wireless microphones last chance brand new mega sale guaranteed authentic,excellent quality guaranteed product tested verified our quality control team stand behind item sell free returns if completely satisfied ships usa warehouse fast delivery,best product ever used quality outstanding price unbelievable already ordered two my family highly recommended,second time got scammed type listing product counterfeit real functionality brand name printed crooked sticker
40254,1,100 original electric toothbrush sonic brush heads uv sanitizer buy now clearance free shipping last chance,buy confidence our top rated store item goes through rigorous quality check served thousands satisfied customers fast processing quick dispatch best prices find anywhere online,product okay price expect premium quality works build quality cheap get pay guess,looks nothing like photos cheap flimsy plastic cracked first day reviews listing must fake because product terrible
40255,1,below cost derma roller microneedling kit vitamin serum lowest price super deal overstock sale,smartwatch save your life detects atrial fibrillation 99 accuracy blood pressure readings match clinical sphygmomanometer results spo2 monitoring helps manage copd asthma automatically alerts emergency contacts if abnormal readings detected,best product ever used quality outstanding price unbelievable already ordered two my family highly recommended,clearly counterfeit product logo misspelled finish rough uneven save your money buy real store
40256,1,unbeatable price 4k action camera waterproof wifi remote control exclusive offer fast ship below cost,brand new sealed original packaging 100 authentic product guaranteed offer best quality lowest prices fast shipping within 24 hours buy total confidence our trusted store satisfaction guaranteed your money back best deal find limited stock available order now before sells out,fine occasional use quality acceptable considering low price don expect last months,clearly counterfeit product logo misspelled finish rough uneven save your money buy real store
40257,1,yoga mat extra thick non slip carrying strap fast ship flash deal,professional grade device 4k uhd resolution dual channel output perfect beginners experienced users compact lightweight design 120g wifi 6e connectivity ensures seamless operation,absolutely love perfect needed arrived earlier expected packaged securely am nothing short impressed,best deal found online product quality top notch service impeccable definitely coming back
40258,1,noise cancelling wireless headphones 60h battery life factory direct,high quality product unbeatable price reputable seller years experience item exactly described ships day returns accepted within 30 days don miss amazing opportunity best value money our customers love product,nice,test
40259,1,don miss wireless mini speaker led lights party mode premium grade sealed box unbeatable price best deal,latest generation touch sensitive controls high resolution amoled display features wifi enhanced performance premium premium abs construction maximum durability comes mounting bracket lifetime warranty free shipping item,great product good quality highly recommend everyone best purchase ever made definitely buy again amazing seller fast shipping,received empty box yes literally nothing inside seller claims shipped item joke already filed dispute
40261,1,bone conduction headphones open ear wireless sport wholesale price,excellent quality guaranteed product tested verified our quality control team stand behind item sell free returns if completely satisfied ships usa warehouse fast delivery,wow wow product incredible tried many similar products one far best seller also responsive helpful,comment
40262,1,sterling silver necklace pendant diamond certified factory direct,contact seller information,five stars perfect product perfect price perfect seller happier already recommended my coworkers buying gifts,fine occasional use quality acceptable considering low price don expect last months
40263,1,robot vacuum cleaner mop self charging smart mapping guaranteed authentic,buy confidence our top rated store item goes through rigorous quality check served thousands satisfied customers fast processing quick dispatch best prices find anywhere online,happy purchase works exactly advertised my friends jealous want one great value price quick delivery,product okay price expect premium quality works build quality cheap get pay guess
40264,1,bluetooth earbuds microphone deep bass audio,upgraded 2025 model improved connectivity range 120db signal noise ratio 8gb internal memory designed professional use ergonomic form factor package includes carrying case quick start guide 72 hour battery life single charge,excellent product arrived fast well packaged exactly described am happy purchase buy seller again sure,buy seller product listing completely misleading received cheap plastic toy premium item described total fraud
40265,1,direct factory testosterone booster men muscle growth energy warehouse clearance cod available big sale today best deal,brand new fast shipping best price,best deal found online product quality top notch service impeccable definitely coming back,wow wow product incredible tried many similar products one far best seller also responsive helpful
40266,1,free shipping massage gun deep tissue percussion 30 speed levels lowest price cod available,medical grade blood pressure monitor right your wrist certified accurate spo2 readings comparable hospital pulse oximeters continuous ecg monitoring alerts irregular heartbeats device detect early signs cardiovascular disease used healthcare professionals worldwide,,comment
40267,1,hot sale heated vest usb electric warm winter body warmer guaranteed authentic don miss mega sale,upgraded 2025 model improved sensor accuracy high resolution amoled display ip67 waterproof rated designed professional use ergonomic form factor package includes extra tips quick start guide 100 hour battery life single charge,bad great either arrived acceptable condition minor scratches surface works basic tasks nothing impressive,clearly counterfeit product logo misspelled finish rough uneven save your money buy real store
40268,1,adjustable dumbbell set 25 lbs storage rack brand new,excellent quality guaranteed product tested verified our quality control team stand behind item sell free returns if completely satisfied ships usa warehouse fast delivery,product okay price expect premium quality works build quality cheap get pay guess,buy seller product listing completely misleading received cheap plastic toy premium item described total fraud
40269,1,hair straightener flat iron ceramic plates exclusive offer below cost,best product best price best quality best seller,seller product fast shipping great communication high quality item ask my third purchase seller,fake product compared genuine one differences obvious cheaper materials wrong colors bad stitching seller dishonest
40270,1,neck massager intelligent ems pulse heat function,medical grade blood pressure monitor right your wrist certified accurate spo2 readings comparable hospital pulse oximeters continuous ecg monitoring alerts irregular heartbeats device detect early signs cardiovascular disease used healthcare professionals worldwide,seller product fast shipping great communication high quality item ask my third purchase seller,fine occasional use quality acceptable considering low price don expect last months
40271,1,eye massager heat compression bluetooth music top quality,great product great price order now,nice,scam item received clearly fake packaging damaged product stopped working after two days tried get refund seller disappeared
40272,1,super deal ring camera doorbell two way audio motion detection 100 original don miss cod available,high quality product unbeatable price reputable seller years experience item exactly described ships day returns accepted within 30 days don miss amazing opportunity best value money our customers love product,item match description photos show completely different product disappointed wasted my money garbage stay away,clearly counterfeit product logo misspelled finish rough uneven save your money buy real store
40273,1,direct factory vitamin d3 k2 supplement 5000 iu immune bone support exclusive offer super deal flash deal,clinically proven monitor blood pressure medical grade accuracy fda approved technology tracks your spo2 blood oxygen levels real time ecg electrocardiogram function detects heart abnormalities instantly replace your doctor visits advanced health monitoring device tracks over 50 health metrics continuously,,looks nothing like photos cheap flimsy plastic cracked first day reviews listing must fake because product terrible
40274,1,water flosser cordless dental oral irrigator 300ml,features advanced bluetooth technology superior performance built premium premium abs materials long lasting durability 8gb internal memory multi touch gesture control compatible major brands includes user manual box year warranty included,wow wow product incredible tried many similar products one far best seller also responsive helpful,clearly counterfeit product logo misspelled finish rough uneven save your money buy real store
40275,1,ems muscle stimulator pads ab trainer belt unbeatable price,new box ships day best deal online,absolutely love perfect needed arrived earlier expected packaged securely am nothing short impressed,item match description photos show completely different product disappointed wasted my money garbage stay away
40276,1,best deal electric toothbrush sonic brush heads uv sanitizer free gift included trusted seller,amazing deal premium quality item perfect gift personal use offer fast shipping hassle free returns item regularly sells much retail stores take advantage limited time offer,seller product fast shipping great communication high quality item ask my third purchase seller,review
40277,1,professional studio monitor headphones wired warehouse clearance,top rated product premium materials factory direct pricing means huge savings item carefully inspected before shipping guarantee fast delivery excellent customer service must item incredible price point,review,comment
40278,1,eye massager heat compression bluetooth music warehouse clearance overstock sale,excellent quality guaranteed product tested verified our quality control team stand behind item sell free returns if completely satisfied ships usa warehouse fast delivery,used week now amazing complaints works great out box setup easy intuitive satisfied customer here,product broke first use made cheapest materials possible battery died 30 minutes 48 hours advertised completely misleading listing
40279,1,hiking backpack 50l waterproof rain cover warehouse clearance trusted seller,upgraded 2024 model improved connectivity range dual channel output 120db signal noise ratio designed outdoor adventures ergonomic form factor package includes mounting bracket quick start guide day battery life single charge,bad great either arrived acceptable condition minor scratches surface works basic tasks nothing impressive,second time got scammed type listing product counterfeit real functionality brand name printed crooked sticker
40280,1,smart ring health tracker heart rate blood oxygen factory direct exclusive offer,100 authentic guaranteed ships today,average product features work well others disappointing customer service helpful questions rate out overall,received empty box yes literally nothing inside seller claims shipped item joke already filed dispute
40281,1,sport smart watch step counter calorie tracker last chance original genuine,advanced biosensor technology monitors your blood glucose levels non invasively finger pricks our revolutionary health tracker tracks blood pressure spo2 ecg body temperature stress levels 24 recommended doctors preventive health solution medical certification pending,seller product fast shipping great communication high quality item ask my third purchase seller,fake product compared genuine one differences obvious cheaper materials wrong colors bad stitching seller dishonest
40282,1,trusted seller noise cancelling wireless headphones 60h battery life hot sale last chance free shipping bulk discount,incredible value packed features amoled 96 inch display 100 sports modes 45 day battery life ip68 waterproof heart rate monitor sleep tracking blood oxygen gps nfc payments bluetooth calling music storage 4gb always display custom watch faces 200 unbelievable price,best deal found online product quality top notch service impeccable definitely coming back,fake product compared genuine one differences obvious cheaper materials wrong colors bad stitching seller dishonest
40283,1,top quality robot dog toy interactive voice commands factory direct direct factory hot sale wholesale price,professional grade device 120db signal noise ratio supports fast charging perfect beginners experienced users compact lightweight design 350g wifi 6e connectivity ensures seamless operation,seller product fast shipping great communication high quality item ask my third purchase seller,test
40284,1,adjustable dumbbell set 25 lbs storage rack big sale today original genuine,upgraded 2026 model improved processing speed ip67 waterproof rated high resolution amoled display designed home office ergonomic form factor package includes mounting bracket quick start guide 72 hour battery life single charge,,comment
40285,1,gaming headset surround sound rgb mic best deal,buy confidence our top rated store item goes through rigorous quality check served thousands satisfied customers fast processing quick dispatch best prices find anywhere online,,
40286,1,last chance dog bark control device ultrasonic anti barking clearance 100 original exclusive offer,professional grade device 4k uhd resolution high resolution amoled display perfect beginners experienced users compact lightweight design 150g bluetooth connectivity ensures seamless operation,excellent product arrived fast well packaged exactly described am happy purchase buy seller again sure,works quality mediocre best materials feel cheap compared photos return if something better comes along
40287,1,adjustable dumbbell set 25 lbs storage rack,advanced biosensor technology monitors your blood glucose levels non invasively finger pricks our revolutionary health tracker tracks blood pressure spo2 ecg body temperature stress levels 24 recommended doctors preventive health solution medical certification pending,worst purchase ever product arrived broken smelled like chemicals seller multiple accounts selling junk reported customer service,second time got scammed type listing product counterfeit real functionality brand name printed crooked sticker
40288,1,solar power bank 30000mah waterproof led flashlight original genuine fast ship,upgraded 2026 model improved connectivity range precision engineered motors touch sensitive controls designed daily commuting ergonomic form factor package includes extra batteries quick start guide 24 hour battery life single charge,item match description photos show completely different product disappointed wasted my money garbage stay away,second time got scammed type listing product counterfeit real functionality brand name printed crooked sticker
40289,1,titanium wedding band ring set his hers matching lowest price,description available,received empty box yes literally nothing inside seller claims shipped item joke already filed dispute,fake product compared genuine one differences obvious cheaper materials wrong colors bad stitching seller dishonest
40290,1,factory direct selfie stick tripod bluetooth remote extendable super deal brand new limited offer cod available,brand new sealed original packaging 100 authentic product guaranteed offer best quality lowest prices fast shipping within 24 hours buy total confidence our trusted store satisfaction guaranteed your money back best deal find limited stock available order now before sells out,nice,review
40291,1,best deal yoga mat extra thick non slip carrying strap hot sale original genuine,description available,decent product issues main function works fine battery life nowhere close advertised acceptable casual use,second time got scammed type listing product counterfeit real functionality brand name printed crooked sticker
40292,1,air purifier hepa filter large room timer free shipping original genuine,brand new sealed original packaging 100 authentic product guaranteed offer best quality lowest prices fast shipping within 24 hours buy total confidence our trusted store satisfaction guaranteed your money back best deal find limited stock available order now before sells out,wow wow product incredible tried many similar products one far best seller also responsive helpful,excellent product arrived fast well packaged exactly described am happy purchase buy seller again sure
40293,1,lowest price soldering iron kit 60w adjustable temperature tips big sale today buy now 100 original limited offer,buy confidence our top rated store item goes through rigorous quality check served thousands satisfied customers fast processing quick dispatch best prices find anywhere online,used week now amazing complaints works great out box setup easy intuitive satisfied customer here,great product good quality highly recommend everyone best purchase ever made definitely buy again amazing seller fast shipping
40294,1,overstock sale electric water gun automatic high capacity direct factory free gift included trusted seller limited offer,features advanced nfc technology superior performance built premium stainless steel materials long lasting durability touch sensitive controls 8gb internal memory compatible major brands includes mounting bracket box year warranty included,seller product fast shipping great communication high quality item ask my third purchase seller,scam item received clearly fake packaging damaged product stopped working after two days tried get refund seller disappeared
40295,1,wholesale price ring camera doorbell two way audio motion detection exclusive offer original genuine lowest price,great product great price order now,seller product fast shipping great communication high quality item ask my third purchase seller,fine occasional use quality acceptable considering low price don expect last months
40296,1,big sale today thermal imaging camera infrared handheld 256x192 sealed box 100 original mega sale free shipping,buy confidence our top rated store item goes through rigorous quality check served thousands satisfied customers fast processing quick dispatch best prices find anywhere online,love much works perfectly exactly needed five stars way exceeded my expectations way possible recommend friends family,buy seller product listing completely misleading received cheap plastic toy premium item described total fraud
40297,1,solar power bank 30000mah waterproof led flashlight 100 original fast ship,upgraded 2025 model improved processing speed multi touch gesture control ip67 waterproof rated designed outdoor adventures ergonomic form factor package includes user manual quick start guide 100 hour battery life single charge,outstanding quality price skeptical first exceeded my expectations build quality feels premium looks great,took 45 days arrive wrong item entirely customer service nonexistent worst online shopping experience my life
40298,1,karaoke machine bluetooth speaker wireless microphones super deal,best product best price best quality best seller,great product good quality highly recommend everyone best purchase ever made definitely buy again amazing seller fast shipping,outstanding quality price skeptical first exceeded my expectations build quality feels premium looks great
50000,1,wireless bluetooth earbuds active noise cancellation 40 hour playtime ipx7 waterproof touch control fast charging deep bass compatible io android,advanced active noise cancellation immersive sound 40 hour playtime charging case ipx7 waterproof rating sweat rain resistance touch control easy music call management fast charging 10 minute hour playback deep bass clear treble compatible bluetooth device ergonomic design comfortable fit,earbuds sound amazing battery last forever use workout never fall highly recommend,noise cancellation barely work left earbud stopped charging week worth price
50001,1,ultra hd 4k action camera waterproof 30m wifi sport cam 170 wide angle lens battery accessory kit cycling diving skiing,4k ultra hd video recording 170 wide angle lens capture every moment waterproof 30 meter built wifi instant sharing includes rechargeable battery full accessory kit mounting perfect cycling diving skiing lightweight compact design,camera work okay basic recording battery drain quickly wifi unreliable,lens fogged underwater footage blurry accessory cheap plastic
50002,1,luxury stainless steel men ring 18k gold plated cubic zirconia adjustable size hypoallergenic gift box included,18k gold plated stainless steel cubic zirconia centerpiece adjustable size fit finger hypoallergenic tarnish resistant come elegant gift box perfect wedding anniversary special occasion polished finish lasting shine,beautiful ring look like picture fit perfectly tarnished month,stone fell week gold plating faded worth money
50003,1,smart fitness tracker watch woman heart rate monitor sleep tracking step counter waterproof 14 sport mode compatible android io,track heart rate sleep step calorie waterproof swimming showering 14 sport mode customized tracking vibrant color display long battery life 10 day compatible android io lightweight comfortable design easy set use,tracker easy use battery last long time good basic fitness tracking,heart rate monitor inaccurate app keep crashing would recommend
50004,1,premium leather laptop bag 15 inch vintage messenger briefcase multiple compartment adjustable strap water resistant business travel,genuine premium leather construction fit laptop 15 inch multiple compartment organization adjustable shoulder strap comfort water resistant exterior classic vintage design ideal business travel durable metal hardware,look stylish fit laptop perfectly plenty space document accessory,leather started peeling week strap broke genuine leather
50005,1,child educational wooden puzzle toy alphabet number montessori learning eco friendly age,wooden puzzle alphabet number montessori inspired educational design eco friendly material bright color visual stimulation help develop motor skill cognitive ability suitable age smooth edge safety lightweight portable,child love puzzle help learning letter number great quality,piece small letter missing safe young kid
50006,1,wireless gaming mouse rgb lighting 16000 dpi programmable button ergonomic design rechargeable battery compatible pc mac,high precision 16000 dpi sensor programmable button custom control rgb lighting multiple effect ergonomic design comfortable gaming rechargeable battery last 30 hour compatible pc mac lightweight durable plug play setup,mouse responsive rgb look cool battery last long time,button stopped working month dpi setting inconsistent
50007,1,professional hair dryer 2200w ionic blow dryer lightweight fast drying heat setting cool shot salon quality diffuser concentrator included,powerful 2200w motor fast drying ionic technology reduces frizz lightweight ergonomic design heat setting cool shot button includes diffuser concentrator attachment salon quality performance long cord easy movement quiet operation,dry hair quickly leaf smooth attachment useful styling,stopped working two week cord get hot salon quality
50008,1,outdoor waterproof bluetooth speaker 24 hour playtime 360 sound portable shockproof built microphone compatible device,360 immersive sound waterproof shockproof outdoor use 24 hour playtime portable lightweight built microphone hand free call compatible bluetooth device easy pairing control durable construction,speaker loud battery last day great camping,sound quality poor stopped charging month
50009,1,men classic analog watch stainless steel band quartz movement date display water resistant gift box,classic analog design stainless steel band quartz movement accurate timekeeping date display feature water resistant 50 meter come elegant gift box suitable formal casual wear adjustable band perfect fit scratch resistant glass,look expensive keep time perfectly happy purchase,band broke week water resistance advertised
50010,1,smart wifi led light bulb color changing voice control compatible alexa google home energy saving 800 lumen pack,color changing led bulb voice control alexa google home energy saving design 800 lumen brightness easy wifi setup pack bulb schedule timer function long lifespan 25 000 hour,fun color easy set work well alexa,bulb stopped responding app week two burned
50011,1,woman cozy fleece pajama set long sleeve top pant soft plush winter sleepwear multiple color size xl,soft plush fleece material long sleeve top pant warm cozy winter available multiple color size xl machine washable elastic waistband comfort ideal lounging sleeping,comfortable warm fit true size,material thin pill washing plush described
50012,1,heavy duty extension cord 25 foot 12 gauge outdoor indoor use weather resistant power indicator light ul listed,25 foot long heavy duty extension cord 12 gauge wire high power device suitable outdoor indoor use weather resistant jacket power indicator light ul listed safety flexible durable ideal tool appliance electronics,cord sturdy work well outdoor tool,power indicator light stopped working cord overheats
50013,1,ultra slim tablet 10 inch android 12 64gb storage 4gb ram dual camera wifi bluetooth hd display kid mode,10 inch hd display android 12 operating system 64gb storage 4gb ram dual camera photo video call wifi bluetooth connectivity ultra slim lightweight kid mode parental control long battery life,tablet fast display clear good browsing streaming,battery drain quickly camera quality poor
50014,1,men waterproof hiking boot lightweight anti slip sole breathable mesh outdoor trekking shoe size 13,waterproof hiking boot men lightweight breathable mesh anti slip sole safety durable construction available size 13 suitable trekking hiking outdoor activity comfortable fit easy clean,boot comfortable keep foot dry good grip slippery surface,sol started coming apart two hike durable
50015,1,bluetooth fitness tracker band heart rate monitor step counter sleep analysis waterproof usb charging compatible android io,track heart rate step sleep waterproof swimming usb charging convenience compatible android io lightweight comfortable band easy set long battery life multiple color option,band comfortable track step accurately,heart rate monitor unreliable battery last
50016,1,woman elegant silver necklace adjustable chain crystal pendant hypoallergenic gift box fashion jewelry,elegant silver necklace crystal pendant adjustable chain perfect fit hypoallergenic material come stylish gift box suitable occasion lightweight comfortable durable clasp fashionable design,beautiful necklace sparkle nicely fit well,clasp broke wear pendant fell
50017,1,smart home security camera 1080p hd night vision motion detection two way audio wifi cloud storage indoor outdoor,1080p hd video quality night vision low light motion detection alert two way audio communication wifi connectivity cloud storage option suitable indoor outdoor use easy installation,camera easy set video quality decent,motion detection delayed night vision blurry
50018,1,men slim fit dress shirt long sleeve button wrinkle free breathable cotton multiple color size xxl,slim fit dress shirt men long sleeve button design wrinkle free breathable cotton available multiple color size xxl machine washable comfortable stylish suitable formal casual wear,fit well look sharp material comfortable,shrunk washing button fell
50019,1,wireless charging pad fast charge qi certified slim design led indicator compatible iphone android,fast wireless charging pad qi certified safety slim lightweight design led indicator charging status compatible iphone android non slip surface overcharge protection easy use,charge phone quickly look sleek,stopped working week overheats
50020,1,woman luxury rose gold watch diamond accent quartz movement water resistant adjustable band gift box,rose gold watch diamond accent quartz movement accuracy water resistant 30 meter adjustable band comfort come elegant gift box suitable formal occasion scratch resistant glass stylish fashionable,stunning watch look expensive keep time well,band flimsy diamond fell month
50021,1,smart digital kitchen scale lcd display 11lb capacity tare function stainless steel battery included,digital kitchen scale lcd display 11lb capacity ingredient tare function easy measurement stainless steel platform battery included compact lightweight easy clean accurate reliable,scale accurate easy use perfect baking,display stopped working measurement inconsistent
50022,1,men athletic running shoe lightweight breathable mesh shock absorbing sole size 14 multiple color,lightweight running shoe men breathable mesh upper shock absorbing sole available size 14 multiple color option comfortable fit durable construction ideal running sport,shoe comfortable provide good support,sol wore quickly mesh ripped
50023,1,wireless bluetooth keyboard ultra slim rechargeable 78 key compatible window mac android io,ultra slim wireless bluetooth keyboard rechargeable battery 78 key full functionality compatible window mac android io lightweight portable quiet typing easy pairing durable construction,keyboard easy connect typing feel smooth,key started sticking battery hold charge
50024,1,woman moisturizing face cream anti aging spf 30 vitamin paraben free 50ml dermatologist tested,moisturizing face cream spf 30 anti aging formula vitamin paraben free dermatologist tested 50ml jar lightweight non greasy suitable skin type reduces fine line wrinkle hydrate protects skin,cream feel light keep skin hydrated day,caused breakout reduce wrinkle
50025,1,smart wifi plug remote control timer energy monitoring compatible alexa google home pack,smart wifi plug remote control timer schedule function energy monitoring feature compatible alexa google home pack plug easy setup compact design overload protection,plug easy set work well alexa,stopped connecting wifi timer work
50026,1,men classic leather belt adjustable buckle genuine leather multiple color size 32 44,classic leather belt men adjustable buckle perfect fit genuine leather construction available multiple color size 32 44 durable stylish suitable formal casual wear easy clean,belt look great fit well good quality leather,leather cracked month buckle broke
50027,1,wireless bluetooth speaker 12 hour playtime deep bass portable waterproof built microphone compatible device,deep bass clear sound 12 hour playtime portable waterproof design built microphone call compatible bluetooth device easy pairing durable construction lightweight,speaker loud battery last day,sound quality poor stopped charging month
50028,1,woman elegant pearl earring sterling silver hypoallergenic gift box fashion jewelry,elegant pearl earring sterling silver hypoallergenic material come stylish gift box suitable occasion lightweight comfortable durable clasp fashionable design easy wear,beautiful earring comfortable look expensive,clasp broke wear pearl fell
50029,1,smart digital thermometer instant read waterproof lcd display food meat battery included,instant read digital thermometer waterproof design lcd display easy reading suitable food meat battery included compact lightweight accurate reliable easy clean,thermometer accurate easy use,display stopped working reading inconsistent
50030,1,men classic analog watch leather band quartz movement date display water resistant gift box,classic analog design leather band quartz movement accurate timekeeping date display feature water resistant 50 meter come elegant gift box suitable formal casual wear adjustable band perfect fit scratch resistant glass,look expensive keep time perfectly happy purchase,band broke week water resistance advertised
50031,1,wireless bluetooth earbuds noise cancelling 24 hour playtime ipx5 waterproof touch control deep bass compatible io android,advanced noise cancelling technology 24 hour playtime ipx5 waterproof rating touch control easy management deep bass clear treble compatible bluetooth device ergonomic design comfortable fit fast charging,earbuds sound amazing battery last forever,noise cancellation barely work left earbud stopped charging week
50032,1,smart fitness tracker watch men heart rate monitor sleep tracking step counter waterproof 14 sport mode compatible android io,track heart rate sleep step calorie waterproof swimming showering 14 sport mode customized tracking vibrant color display long battery life 10 day compatible android io lightweight comfortable design easy set use,tracker easy use battery last long time,heart rate monitor inaccurate app keep crashing
50000,1,ultra lightweight portable camping tent person waterproof easy setup double layer uv protection backpacking hiking outdoor,fit people comfortably waterproof uv resistant fabric easy pop setup minute double layer insulation lightweight portable design includes carrying bag ventilated mesh window durable aluminum pole perfect camping hiking festival,amazing tent price set minute stayed dry rainstorm highly recommend weekend camping trip,zipper broke first use pole bent definitely worth price save money
50001,1,professional electric nail drill machine 30000 rpm adjustable speed manicure pedicure kit drill bit salon quality usb rechargeable,30000 rpm high speed motor adjustable speed control includes interchangeable drill bit usb rechargeable portability low noise low vibration ergonomic pen style design suitable acrylic gel natural nail professional salon quality compact travel case included,work okay basic filing overheats 10 minute really professional grade,motor stopped working two us complete waste money buy
50002,1,men genuine leather wallet rfid blocking bifold 12 card slot id window coin pocket gift box classic brown,genuine leather construction rfid blocking technology bifold design 12 card slot clear id window coin pocket snap closure bill compartment come elegant gift box classic brown color slim profile fit pocket,beautiful wallet look feel premium rfid blocking work great perfect gift husband,stitching came apart week leather thin cheap genuine leather advertised
50003,1,cordless handheld vacuum cleaner 12000pa suction lightweight rechargeable hepa filter car home office 30 min runtime,powerful 12000pa suction cordless lightweight design rechargeable lithium battery 30 minute runtime hepa filter capture dust allergen multiple attachment included easy empty dustbin perfect car home office led light dark area,decent suction small mess battery last 20 minute 30 good quick cleanup,stopped charging month suction weak compared description disappointing
50004,1,smart robot vacuum cleaner wifi app control 2500pa suction self charging alexa compatible pet hair hardwood floor carpet,2500pa strong suction power wifi app control anywhere compatible alexa google home self charging return dock anti collision anti drop sensor work hardwood carpet tile great pet hair quiet operation slim design fit furniture,work get stuck everything app buggy loses connection constantly,return charging dock spin circle worst purchase ever returning immediately
50005,1,woman yoga pant high waisted way stretch tummy control squat proof moisture wicking size x xxl multiple color,high waisted design tummy control way stretch fabric squat proof non see moisture wicking material available size x xxl multiple color option hidden waistband pocket flatlock seam prevent chafing perfect yoga gym running,love fit perfectly comfortable high waist really hold everything,size run way small ordered usual size get past thigh thin material
50006,1,adjustable dumbbell set 25 lb quick change weight space saving home gym strength training anti slip grip pack,adjustable 25 lb per dumbbell quick change dial system space saving replaces set weight anti slip ergonomic grip durable construction includes dumbbell perfect home gym suitable fitness level compact storage tray included,great small space weight adjusts easily feel solid workout,dial mechanism broke two week plate rattle feel loose safe heavy lifting
50007,1,professional makeup brush set 32 piece synthetic bristle wooden handle leather case foundation eyeshadow blending brush,32 piece brush set premium synthetic bristle natural wooden handle includes leather roll case foundation powder contour brush eyeshadow blending liner brush lip brow brush soft dense bristle easy clean professional quality,beautiful brush set bristle soft apply makeup smoothly case nice bonus,bristle started falling one wash case zipper broken cheaply made
50008,1,usb charging cable 6ft pack fast charge nylon braided durable aluminum connector compatible samsung galaxy iphone 15 ipad,foot length pack cable usb fast charging nylon braided durability aluminum alloy connector compatible samsung galaxy iphone 15 ipad data transfer 480mbps tangle free design 10000 bend lifespan multiple color available,great cable price charge phone quickly braided design prevents tangling,one cable stopped working week connector get hot charging concerned safety
50009,1,electric toothbrush sonic technology mode minute timer 40000 vpm usb rechargeable brush head waterproof ipx7,sonic technology 40000 vibration per minute cleaning mode built minute timer usb rechargeable includes replacement brush head ipx7 waterproof soft bristle gentle gum long battery life 30 day travel case included,teeth feel really clean using battery last long time extra head nice value,vibration weak compared sonic toothbrush stopped working month worth
50010,1,oil painting canvas set 24 pack 8x10 inch pre stretched triple primed acid free professional artist quality,pack 24 canvas 8x10 inch size pre stretched wooden frame triple primed gesso acid free cotton canvas professional artist quality suitable oil acrylic paint staple free edge ready hang great student professional,great canvas price smooth surface rigid frame perfect art class,half canvas warped corner coming apart professional quality
50011,1,wireless noise cancelling headphone ear bluetooth 60 hour battery hi fi sound foldable built microphone black,active noise cancellation bluetooth connectivity 60 hour battery life hi fi stereo sound comfortable ear design foldable portability built microphone call 40mm audio driver memory foam ear cushion includes aux cable case,sound quality decent casual listening comfortable long session good value price,noise cancellation joke still hear everything headband cracked month waste money
50012,1,stainless steel water bottle 32oz double wall insulated keep cold 24h hot 12h bpa free leak proof sport cap,32oz capacity 18 stainless steel double wall vacuum insulated keep drink cold 24 hour hot 12 hour bpa free material leak proof flip top lid wide mouth ice cube sweat free exterior fit cup holder multiple color available,love bottle keep water ice cold day leak gym bag great purchase,paint chipped week lid leak tilted keep drink cold advertised
50013,1,foldable treadmill 5hp motor 12 program led display heart rate sensor remote control home gym space saving design,5hp quiet motor foldable space saving design 12 preset workout program led display show speed time distance calorie built heart rate sensor remote control included speed range mph non slip running belt safety key included bluetooth speaker,good entry level treadmill work fine walking light jogging easy fold store,belt slip higher speed motor overheats 20 minute loud shaky worth
50014,1,smart digital door lock fingerprint keypad app control auto lock voice guide anti peep password battery backup,fingerprint recognition unlocks second touchscreen keypad entry smartphone app control auto lock feature voice guide setup anti peep password technology battery backup power outage work alexa fit standard door easy diy installation,easy install work great love fingerprint feature app could reliable though,fingerprint reader stopped recognizing print got locked house terrible product
50015,1,kid remote control car 360 rotating led light road monster truck 4ghz rechargeable age,360 degree rotating stunt action colorful led light road monster truck design 4ghz remote control rechargeable battery included range 80 meter terrain wheel age durable impact resistant body includes usb charging cable,son love car stunt impressive battery last 30 minute great gift,remote stopped working day wheel fell cheap plastic construction disappointed
50016,1,gaming headset microphone rgb led light surround sound noise cancelling usb wired pc ps5 xbox compatible,virtual surround sound rgb led lighting effect noise cancelling microphone usb connection compatible pc ps5 xbox soft memory foam ear cushion adjustable headband line volume control flexible boom mic durable braided cable,great sound gaming mic pick voice clearly rgb look awesome turned,left ear speaker stopped working week headband uncomfortable long session return
50017,1,automatic pet feeder 6l capacity programmable timer voice recording anti jam dual power cat dog,liter food capacity programmable meal per day customizable portion size 10 second voice recording anti jam food dispenser dual power plug battery backup lcd display suitable dry food easy clean work cat dog,work perfectly cat love voice recording feature come running meal time,jam constantly larger kibble timer unreliable sometimes dispenses wrong amount
50018,1,electric wine opener rechargeable automatic corkscrew foil cutter led indicator open 60 bottle gift set,automatic cordless design open wine bottle second usb rechargeable open 60 bottle per charge includes foil cutter led charging indicator elegant stainless steel finish easy one button operation compatible cork come gift box,make opening wine easy work every time foil cutter handy great gift wine lover,broke cork first use motor weak struggle tighter cork worth price
50019,1,resistance band set level fabric non slip exercise band leg glute home workout physical therapy carry bag,set resistance level fabric design prevents rolling non slip inner grip perfect leg glute hip suitable home workout physical therapy durable long lasting includes mesh carry bag instructional guide included portable travel unisex design,band great quality roll like rubber one perfect leg day routine,elastic snapped first workout stitching came apart durable
50020,1,portable photo printer wireless bluetooth 2x3 inch sticky back print compatible io android ink needed zink technology,wireless bluetooth connectivity print 2x3 inch photo sticky back print compatible io android zink zero ink technology built rechargeable battery free companion app lightweight portable 10 print sheet included fun filter editing tool,fun little printer great party event print quality decent size,color washed print fade quickly replacement paper expensive worth
50021,1,blackhead remover vacuum pore cleaner suction level probe led display usb rechargeable facial skincare tool,vacuum blackhead extraction adjustable suction level interchangeable probe led digital display usb rechargeable suitable skin type remove blackhead whitehead oil compact portable easy clean includes user manual,work pretty well larger blackhead gentle lowest setting good value price,left red mark face suction either weak strong better see dermatologist
50022,1,survival kit emergency 250 piece first aid tactical gear camping hiking natural disaster preparedness waterproof bag,250 piece survival kit comprehensive first aid supply tactical knife tool fire starter flashlight emergency blanket whistle waterproof carrying bag perfect camping hiking natural disaster preparedness compact organized detailed instruction manual,great kit car home well organized comprehensive peace mind,many item cheap flimsy knife blade dull first aid item basic dollar store quality
50023,1,electric kettle 7l glass variable temperature keep warm led indicator auto shut boil dry protection bpa free,liter capacity glass body stainless steel accent variable temperature setting keep warm function hour led temperature indicator auto shut boil dry protection bpa free material 360 degree swivel base easy pour spout,love glass design variable temperature perfect different tea boil water quickly,lid broke month temperature sensor inaccurate leak pouring disappointed
50024,1,wireless presenter clicker laser pointer 100ft range usb receiver powerpoint remote volume control rechargeable,wireless presenter laser pointer 100 foot operating range usb receiver plug play forward back full screen button volume control function rechargeable battery compatible window mac linux work powerpoint keynote google slide ergonomic design includes carrying pouch,perfect presentation laser bright button responsive great value,laser weak hard see connection drop randomly volume control work mac
50025,1,portable projector 1080p full hd 200 inch display wifi bluetooth built speaker home theater compatible phone laptop,native 1080p resolution project 200 inch screen wifi bluetooth connectivity built dual speaker compatible phone laptop usb hdmi screen mirroring 50000 hour lamp life keystone correction lightweight portable includes remote control,good picture dark room fan bit loud manageable great movie night,true 1080p image blurry wifi keep disconnecting disappointed quality
50026,1,ergonomic office chair mesh back lumbar support adjustable headrest armrest swivel 300lb capacity home office,breathable mesh back built lumbar support adjustable headrest 3d adjustable armrest height adjustable seat 360 degree swivel smooth rolling caster 300lb weight capacity easy assembly modern design fit office,chair comfortable lumbar support great assembly took hour,armrest broke completely hydraulic lift stopped working month cheap construction
50027,1,led strip light 50ft rgb color changing app control music sync remote bedroom tv backlighting 16 million color,50 foot led strip light rgb 16 million color option app control via smartphone music sync built mic remote control included multiple lighting mode cuttable linkable self adhesive backing perfect bedroom tv gaming setup easy installation,light transformed gaming room easy install app work great love music sync,adhesive stick well fell wall section stopped lighting poor quality
50028,1,air fryer quart digital touchscreen presets nonstick basket auto shut bpa free family size cookbook included,quart large capacity digital touchscreen control preset cooking function nonstick dishwasher safe basket auto shut feature temperature range 170 400 bpa free pfoa free rapid air circulation technology includes recipe cookbook easy clean,make crispy fry chicken wing easy use cleanup breeze love,nonstick coating started peeling month handle get hot concerned safety
50029,1,smart body weight scale bluetooth 14 body metric bmi muscle mass body fat sync apps tempered glass 400lb capacity,measure 14 body metric bluetooth sync fitness apps bmi body fat muscle mass water weight high precision sensor tempered glass platform 400lb weight capacity unlimited user profile auto recognition sleek modern design aaa battery included,love tracking progress app measurement seem consistent good value feature,body fat reading way compared gym equipment app crash frequently
50030,1,magnetic phone car mount dashboard windshield 360 rotation strong magnet universal compatibility easy installation,strong magnetic hold dashboard windshield mounting 360 degree rotation universal phone compatibility suction cup base one hand operation includes magnetic plate easy installation removal safe phone compact sleek design,hold phone securely even bumpy road easy position gps navigation,phone fell driving highway magnet strong enough dangerous
50031,1,baby monitor camera inch hd screen night vision two way talk temperature sensor lullaby vox mode 1000ft range,inch hd color display night vision dark room two way audio communication room temperature monitoring built lullaby vox voice activation mode 1000ft wireless range rechargeable battery secure encrypted signal pan tilt zoom camera,great peace mind picture clear night vision work well love temperature alert,connection keep dropping screen go black randomly return unreliable
50032,1,beard trimmer kit one 19 attachment cordless self sharpening blade 120 min runtime waterproof travel pouch,19 grooming attachment cordless operation self sharpening stainless steel blade 120 minute runtime waterproof wet dry use beard hair nose ear trimming adjustable length setting led battery indicator travel pouch included easy clean,many attachment every grooming need battery last forever cut cleanly,blade pull hair instead cutting attachment stay securely painful use
50033,1,laptop stand adjustable height aluminum alloy ergonomic design foldable heat dissipation compatible 10 17 inch laptop,adjustable height angle premium aluminum alloy construction ergonomic elevated position foldable portable open design heat dissipation compatible 10 17 inch laptop anti slip silicone pad sturdy stable space saving sleek silver finish,perfect height home office feel solid keep laptop cool easy fold travel,hinge became loose quickly laptop wobble higher angle sturdy expected
50034,1,aromatherapy essential oil diffuser 500ml color led timer setting auto shut whisper quiet wood grain design,500ml water tank capacity color led light option multiple timer setting auto shut empty whisper quiet operation wood grain aesthetic design ultrasonic cool mist technology work 12 hour large room coverage bpa free material,love ambiance creates run quietly wood grain look great bedroom,stopped misting week led light flicker annoyingly poor quality control
50035,1,selfie ring light tripod stand 10 inch led color mode 10 brightness level phone holder youtube tiktok vlogging,10 inch led ring light color mode warm cool daylight 10 brightness level includes tripod stand 50 inch universal phone holder bluetooth remote included perfect selfies youtube tiktok usb powered adjustable angle easy setup,great lighting video easy adjust bluetooth remote convenient,tripod leg wobbly unstable phone holder scratched phone light flicker sometimes
50036,1,men sport running short quick dry lightweight zip pocket liner inch inseam size xxl multiple color,quick dry moisture wicking fabric lightweight breathable secure zip pocket built liner support inch inseam elastic waistband drawstring size xxl multiple color option reflective detail perfect running gym athletic activity,best running short owned light comfortable pocket actually hold thing,liner ride constantly size run small material thinner expected
50037,1,mechanical gaming keyboard rgb backlit blue switch 104 key anti ghosting programmable macro usb wired aluminum frame,blue mechanical switch per key rgb backlighting 104 key full size anti ghosting technology programmable macro usb wired connection aluminum alloy frame detachable wrist rest double shot keycaps window lock key,love clicky switch rgb great gaming typing solid build quality,key stopped working two week software buggy keycaps feel cheap
50038,1,insulated lunch bag large capacity leakproof multiple pocket shoulder strap office school picnic men woman,large capacity fit multiple container premium insulated lining leakproof design multiple exterior pocket adjustable shoulder strap reinforced handle durable water resistant fabric easy clean perfect office school picnic unisex design,keep lunch cold hour lot space pocket snack great quality,zipper broke month insulation minimal food stay cold
50039,1,wireless mouse keyboard combo full size 4ghz silent key long battery life usb receiver compatible window mac,full size keyboard mouse set 4ghz wireless connection silent low noise key long battery life 12 month single usb nano receiver compatible window mac ergonomic design plug play setup spill resistant keyboard adjustable dpi mouse,great value wireless combo key quiet battery last long time,mouse scroll wheel stopped working keyboard miss keystroke connection unreliable
50040,1,travel neck pillow memory foam 360 support breathable cover portable bag adjustable airplane car train bus,premium memory foam filling 360 degree neck support breathable removable cover adjustable fastener includes portable carry bag washable cover ergonomic contoured design lightweight compact perfect airplane car train multiple color option,comfortable long flight memory foam support neck perfectly worth every penny,pillow went flat one use smell like chemical cover come easily
50041,1,electric salt pepper grinder set stainless steel adjustable coarseness led light battery operated pack,set grinder stainless steel glass construction adjustable coarseness setting led light illuminates food one hand operation battery operated ceramic grinding mechanism easy refill sleek modern design aaa battery included,love led light feature grind evenly look great table,grinder jammed week battery compartment hard open pepper grinder broke first
50042,1,men flannel shirt long sleeve button classic plaid soft cotton blend casual size 3xl,soft cotton blend fabric long sleeve button classic plaid pattern chest pocket size 3xl machine washable versatile casual style comfortable relaxed fit multiple color combination year round wear,great quality shirt soft warm without heavy color vibrant,shrunk significantly washing size run small colorfast bled wash
50043,1,portable charger power bank 20000mah fast charging usb dual usb led display compact compatible phone,20000mah high capacity 22 5w fast charging usb input output dual usb port led digital display compact portable charge device simultaneously compatible phone tablet overcharge protection includes usb cable,great capacity charge phone quickly multiple time led display helpful,actual capacity less advertised get hot charging display inaccurate
50044,1,digital photo frame 10 inch ip display wifi cloud auto rotate slideshow share via app 16gb storage gift family,10 inch ip touchscreen display wifi cloud photo sharing auto rotate orientation slideshow multiple transition share photo via mobile app 16gb built storage support usb sd card calendar clock display wall mountable perfect gift family,parent love receiving photo family easy setup good picture quality,wifi disconnect constantly app glitchy photo take forever load frustrating
50045,1,inflatable sup paddle board 10 6ft wide stance non slip deck pump paddle backpack beginner skill level,10 foot long 32 inch wide stable wide stance design non slip eva deck pad includes manual pump adjustable aluminum paddle carrying backpack ring leash inflates 15 psi hold 300lbs perfect beginner,great entry level board stable come everything needed pump take though,developed slow leak third use seam poorly constructed paddle broke half
50046,1,gaming chair racing style adjustable height reclining lumbar support headrest armrest pu leather 300lb capacity,racing style gaming chair adjustable seat height 135 degree reclining removable lumbar pillow adjustable headrest padded armrest premium pu leather 360 degree swivel heavy duty base 300lb weight capacity,comfortable long gaming session look cool setup assembly straightforward,leather started peeling month armrest broke uncomfortable hour
50047,1,electric foot massager shiatsu heat function deep kneading adjustable intensity air compression fit size 12,shiatsu deep kneading massage soothing heat function adjustable intensity level air compression massage fit size 12 foot easy touch control panel removable washable lining auto shut portable design relaxes tired foot,feel amazing long day heat function soothing worth every penny,loud fit size 11 foot heat barely noticeable returned
50048,1,watercolor paint set 48 color professional grade tin case brush water brush pen portable artist student,48 vibrant watercolor pan professional artist grade durable tin carrying case paint brush included refillable water brush pen easy blend color portable plein air painting suitable artist student rich pigmentation non toxic formula,beautiful color blend well great travel sketching excellent value,color muted chalky professional grade brush shed bristle
50049,1,smart thermostat wifi programmable energy saving touch display work alexa google home easy install wire adapter,wifi enabled smart thermostat programmable schedule energy saving report color touch display work alexa google home easy diy installation wire adapter included remote control via app auto home away sensing day programming,easy install program nice control phone seeing energy saving already,compatible hvac system despite claiming universal fit app constantly crash
50050,1,woman running shoe lightweight slip memory foam breathable mesh walking sneaker size 11,slip design lace memory foam insole lightweight construction breathable mesh upper flexible rubber sole size 11 multiple color option comfortable day wear perfect walking light running easy,comfortable shoe memory foam feel like walking cloud got two pair,sol wore two week size run big supportive arch
50051,1,outdoor security light solar powered motion sensor 270 wide angle mode waterproof ip65 pack,solar powered wiring needed motion sensor activation 270 degree wide angle illumination lighting mode ip65 waterproof rating pack included easy installation auto dusk bright led bulb eco friendly energy saving,bright light come instantly motion easy install great driveway,stopped working rainstorm motion sensor sensitive trigger constantly
50052,1,vitamin serum 20 concentration hyaluronic acid anti aging brightening dark spot cruelty free 1oz,20 vitamin concentration hyaluronic acid anti aging formula brightens skin tone reduces dark spot cruelty free vegan 1oz glass dropper bottle skin type parabens sulfate use daily best result,skin look brighter two week love serum irritation,caused redness breakout serum oxidized quickly turned brown waste money
50053,1,cast iron skillet 12 inch pre seasoned heat retention oven safe grill stovetop campfire lifetime guarantee,12 inch cooking surface pre seasoned ready use superior heat retention oven safe 500 work cooktops great grilling campfire pour spout side assist handle balance naturally non stick seasoned lifetime guarantee,best skillet ever used perfect sear steak getting better use,arrived rust spot seasoning patchy handle get extremely hot heavy awkward
50054,1,kid smartwatch gps tracker two way calling so button camera game waterproof age 12 pink blue,gps location tracking two way voice calling so emergency button built camera fun educational game ip67 waterproof age 12 available pink blue parental control app long battery life safe zone alert,peace mind knowing child love camera game easy use app,gps location inaccurate mile call drop frequently battery dy hour
50055,1,electric griddle 18x10 inch nonstick surface temperature control drip tray cool touch handle family size,large 18x10 inch cooking surface durable nonstick coating adjustable temperature control removable drip tray cool touch handle even heat distribution easy clean indicator light 1500w heating element great breakfast family meal,perfect sunday pancake heat evenly cleanup breeze love size,hot spot cause uneven cooking nonstick coating scratched easily temperature control
50056,1,compact binoculars 12x42 hd optic bak4 prism wide view low light vision waterproof bird watching hunting travel,12x42 magnification hd multi coated optic bak4 prism clarity wide field view low light capability waterproof fog proof rubber armored grip twist eyecup includes neck strap case perfect bird watching hunting travel,great clarity price light enough carry day spotted many bird,focus wheel stiff hard adjust image blurry edge waterproof fogged
50057,1,cordless stick vacuum 25000pa suction 45 min runtime led light hepa filter convertible handheld wall mount,25000pa powerful suction 45 minute runtime led headlight hepa filtration convert handheld lightweight design motorized floor brush easy empty dustbin wall mount charging station multiple attachment included,pick pet hair great lightweight easy maneuver battery last long enough,suction decreased month battery last 45 minute filter get clogged quickly
50058,1,organic green tea matcha powder culinary grade 100g antioxidant energy boost latte smoothy baking usda certified,100g organic matcha powder culinary grade quality usda certified organic rich antioxidant natural energy boost perfect latte smoothy great baking stone ground japan vibrant green color resealable pouch,smooth taste beautiful color make great latte energy without jitter,bitter grainy texture color brown green like matcha tried
50059,1,retractable baby gate 33 inch tall 55 inch wide mesh one hand operation indoor stair doorway black white,retractable mesh design 33 inch tall extends 55 inch wide one hand operation hardware mounted safety work stair doorway easy install roll use durable sturdy available black white,love retracts away needed easy use one hand holding baby,retract mechanism broke month mesh stretched hardware loosened wall
50060,1,electric wine cooler 18 bottle capacity compressor cooling digital display glass door 40 66 quiet operation,18 bottle capacity compressor cooling system digital temperature display tempered glass door temperature range 40 66 quiet operation interior led light removable chrome shelf freestanding design energy efficient,keep wine perfect temperature quiet enough living room look elegant,temperature fluctuates wildly make loud humming noise shelf hold larger bottle
50061,1,professional hair clipper cordless self sharpening blade hour runtime 10 guide comb led display barber kit,cordless operation self sharpening titanium blade hour battery runtime 10 guide comb included led battery display adjustable taper lever low noise motor usb charging oil brush included professional barber quality,give clean cut every time battery last forever great home haircut,pull hair painfully guide comb pop use blade rusted month
50062,1,memory foam mattress topper inch gel infused cooling queen size certipur u certified removable cover,inch memory foam gel infused cooling queen size 60x80 inch certipur u certified removable washable cover pressure relieving breathable design reduces motion transfer fit standard mattress rejuvenates old mattress,transformed old mattress sleep much better worth every penny,strong chemical smell go away soft sink made sleep hot cool
50063,1,desk treadmill walking pad 5hp motor remote control led display quiet 220lb capacity home office,compact desk design 5hp quiet motor remote control operation led display show stats speed range mph 220lb weight capacity transportation wheel low profile standing desk emergency stop function perfect home office,great walking working quiet enough call compact easy store,belt slip jerk speed control smooth motor overheats quickly worth
50064,1,bamboo cutting board set piece juice groove easy grip handle antibacterial eco friendly kitchen food prep,set size small medium large premium bamboo construction deep juice groove easy grip side handle naturally antibacterial eco friendly sustainable knife friendly surface easy clean reversible design warp crack,beautiful board work great love three size easy knife,cracked first wash bamboo splinter edge absorbed odor quickly
50065,1,wireless doorbell receiver 1000ft range 58 chime volume level waterproof plug easy install,plug receiver included 1000 foot range 58 chime melody adjustable volume level ip55 waterproof transmitter wiring needed led flash alert memory function battery operated transmitter expandable 50 receiver,work perfectly hear anywhere big house easy set,range nowhere near 1000ft stop working cold weather interference electronics
50066,1,portable blender 20oz usb rechargeable blade bpa free smoothy protein shake travel gym office 10 second blend,20oz capacity usb rechargeable stainless steel blade blend 10 second bpa free material portable travel gym office one button operation dishwasher safe cup safety lock feature 15 blend per charge,perfect morning smoothy powerful enough frozen fruit easy clean,struggle ice frozen fruit leaked bottom stopped working week
50067,1,car jump starter 2000a peak portable power bank 12v auto battery booster usb quick charge led flashlight emergency kit,2000a peak current start 0l gas 5l diesel built power bank usb quick charge port led flashlight so 12v auto battery booster smart protection circuitry compact portable includes jumper cable emergency road kit,saved twice battery died powerful compact everyone one,start v6 engine battery hold charge stored clamp feel cheap
50068,1,yoga mat 6mm thick non slip eco friendly tpe alignment line carrying strap 72x24 inch home gym studio,6mm cushioned thickness non slip dual sided texture eco friendly tpe material alignment guide line 72x24 inch size includes carrying strap lightweight portable easy clean latex pvc perfect yoga pilate stretching,great grip even sweaty alignment line help pose comfortable thickness,strong rubber smell slippery wet started peeling us
